GO_id,term,namespace,p_raw,p_fdr,neg_log10_fdr,neg_log10_raw,study_count,study_n,pop_count,pop_n,gene_ratio,fold_enrich,direction,group
GO:0008152,metabolic process,biological_process,2.2450626717720824e-26,5.99805910475108e-23,22.22198925902651,25.648771530997013,431,601,3094,6011,0.7171381031613977,1.3932505294451072,enriched,High cross-weight c
GO:0044281,small molecule metabolic process,biological_process,3.8187705884865385e-23,6.121489253343921e-20,19.213142908601423,22.418076430955566,142,601,629,6011,0.23627287853577372,2.257927301873666,enriched,High cross-weight c
GO:1901607,alpha-amino acid biosynthetic process,biological_process,1.5022754627132512e-20,2.0067896389411183e-17,16.69749814990177,19.82325042620829,44,601,93,6011,0.07321131447587355,4.731970014134149,enriched,High cross-weight c
GO:0019752,carboxylic acid metabolic process,biological_process,1.820307483027085e-20,2.084252068066012e-17,16.681049758908912,19.73985524558482,85,601,299,6011,0.14143094841930118,2.8432823777539107,enriched,High cross-weight c
GO:0008652,amino acid biosynthetic process,biological_process,7.276483347131512e-20,5.96682444386024e-17,16.22425673979699,19.13807846023802,44,601,96,6011,0.07321131447587355,4.584095951192458,enriched,High cross-weight c
GO:0044283,small molecule biosynthetic process,biological_process,7.444571982358378e-20,5.96682444386024e-17,16.22425673979699,19.128160266487154,80,601,276,6011,0.13311148086522462,2.8990330126118304,enriched,High cross-weight c
GO:0043436,oxoacid metabolic process,biological_process,1.5349050671941168e-19,1.0251886761300706e-16,15.98919619952387,18.813918480166407,86,601,314,6011,0.14309484193011648,2.739309219241816,enriched,High cross-weight c
GO:0009058,biosynthetic process,biological_process,2.2807834496361526e-19,1.3783775914976764e-16,15.86063179589666,18.641915947118175,221,601,1299,6011,0.36772046589018303,1.701591778649646,enriched,High cross-weight c
GO:0006082,organic acid metabolic process,biological_process,2.407646448030876e-19,1.3783775914976764e-16,15.86063179589666,18.618407286908585,86,601,316,6011,0.14309484193011648,2.721971819120032,enriched,High cross-weight c
GO:1901605,alpha-amino acid metabolic process,biological_process,5.84460424454641e-19,3.122966868002632e-16,15.505432623236967,18.23324489087145,52,601,136,6011,0.08652246256239601,3.824165606342371,enriched,High cross-weight c
GO:0170038,proteinogenic amino acid biosynthetic process,biological_process,1.8389478463235e-18,8.885373125598684e-16,15.0513243300437,17.735430587442234,41,601,90,6011,0.06821963394342762,4.55631355148826,enriched,High cross-weight c
GO:0006520,amino acid metabolic process,biological_process,2.025814681547231e-18,9.020502595889475e-16,15.044769264171972,17.69340028575883,64,601,200,6011,0.1064891846921797,3.200532445923461,enriched,High cross-weight c
GO:0044238,primary metabolic process,biological_process,8.359827651092697e-18,3.526527295974104e-15,14.452652750286683,17.077802676024017,366,601,2663,6011,0.6089850249584027,1.3746184697803072,enriched,High cross-weight c
GO:0170039,proteinogenic amino acid metabolic process,biological_process,3.573736764291632e-17,1.4321750082898713e-14,13.84400390905989,16.446877440086073,48,601,128,6011,0.07986688851913477,3.7506239600665556,enriched,High cross-weight c
GO:0170033,L-amino acid metabolic process,biological_process,4.703363875577308e-17,1.795117212512006e-14,13.745907188820915,16.32759142077716,47,601,124,6011,0.07820299500831947,3.7909532499597445,enriched,High cross-weight c
GO:0170034,L-amino acid biosynthetic process,biological_process,1.2257501882011008e-16,4.0934948993465935e-14,13.387905746421854,15.91159803140041,38,601,86,6011,0.0632279534109817,4.419339859923383,enriched,High cross-weight c
GO:0016053,organic acid biosynthetic process,biological_process,1.6047269953114792e-16,4.9468795643928867e-14,13.305668662742,15.794598841461347,52,601,152,6011,0.08652246256239601,3.421621858306332,enriched,High cross-weight c
GO:0046394,carboxylic acid biosynthetic process,biological_process,1.6047269953114792e-16,4.9468795643928867e-14,13.305668662742,15.794598841461347,52,601,152,6011,0.08652246256239601,3.421621858306332,enriched,High cross-weight c
GO:0006753,nucleoside phosphate metabolic process,biological_process,3.437245980918233e-11,8.886944044212786e-09,8.051247554316497,10.463789387172389,53,601,206,6011,0.08818635607321132,2.573243623087734,enriched,High cross-weight c
GO:0055086,nucleobase-containing small molecule metabolic process,biological_process,1.7458155011056697e-10,4.115503306282924e-08,7.38557704507504,9.758001654722948,54,601,218,6011,0.08985024958402663,2.47747637729167,enriched,High cross-weight c
GO:0072521,purine-containing compound metabolic process,biological_process,9.239843876182223e-10,2.0571485741000142e-07,6.686734340983141,9.034335366906017,42,601,156,6011,0.06988352745424292,2.692755663637527,enriched,High cross-weight c
GO:0009117,nucleotide metabolic process,biological_process,1.1024351166001007e-08,1.9693490297747758e-06,5.705677306578022,7.957646961344699,39,601,150,6011,0.064891846921797,2.6004326123128116,enriched,High cross-weight c
GO:0006163,purine nucleotide metabolic process,biological_process,1.1056856686196495e-08,1.9693490297747758e-06,5.705677306578022,7.956368319492842,33,601,115,6011,0.05490848585690516,2.870042682485712,enriched,High cross-weight c
GO:0019693,ribose phosphate metabolic process,biological_process,6.833727175670787e-08,1.0739671237843403e-05,4.969009013028998,7.1653423636212255,27,601,89,6011,0.04492512479201331,3.034212641851596,enriched,High cross-weight c
GO:0009259,ribonucleotide metabolic process,biological_process,1.8899168340285908e-07,2.6574883201296765e-05,4.5755286355589,6.723557306576573,25,601,82,6011,0.04159733777038269,3.0492877724118337,enriched,High cross-weight c
GO:0009150,purine ribonucleotide metabolic process,biological_process,2.4313003859964164e-07,3.3598056196140134e-05,4.473685847839612,6.614161380966839,22,601,67,6011,0.036605657237936774,3.2841284426453425,enriched,High cross-weight c
GO:0009067,aspartate family amino acid biosynthetic process,biological_process,4.544143699640774e-07,5.603278731172432e-05,4.251557773320534,6.342547943367842,14,601,31,6011,0.02329450915141431,4.516880468037142,enriched,High cross-weight c
GO:0006796,phosphate-containing compound metabolic process,biological_process,5.378885809118069e-07,6.434592501504675e-05,4.191478951471579,6.269307675460916,75,601,425,6011,0.12479201331114809,1.7649995106195557,enriched,High cross-weight c
GO:0006793,phosphorus metabolic process,biological_process,5.761379714733195e-07,6.790802707880376e-05,4.168078886839031,6.2394735008229585,77,601,442,6011,0.1281198003327787,1.7423713117654587,enriched,High cross-weight c
GO:1901293,nucleoside phosphate biosynthetic process,biological_process,1.427178033300812e-06,0.00015887266579036122,3.7989508171889206,5.845521847447816,29,601,114,6011,0.048252911813643926,2.5442829202790667,enriched,High cross-weight c
GO:0006457,protein folding,biological_process,3.1093671811063315e-06,0.00032524174916577313,3.487793711944628,5.507327989660739,32,601,136,6011,0.05324459234608985,2.353332680826074,enriched,High cross-weight c
GO:0046034,ATP metabolic process,biological_process,3.1245932234266414e-06,0.00032524174916577313,3.487793711944628,5.50520651346231,15,601,40,6011,0.024958402662229616,3.7506239600665556,enriched,High cross-weight c
GO:0019637,organophosphate metabolic process,biological_process,4.0069010983114905e-06,0.000406522940543881,3.3909149416553896,5.397191377055112,67,601,386,6011,0.11148086522462562,1.7360401058684578,enriched,High cross-weight c
GO:0009084,L-glutamine family amino acid biosynthetic process,biological_process,6.746567831145344e-06,0.0006594358678857308,3.180827434503745,5.170917108810192,11,601,24,6011,0.018302828618968387,4.584095951192458,enriched,High cross-weight c
GO:0016051,carbohydrate biosynthetic process,biological_process,7.539043487348434e-06,0.0007280172716999723,3.1378583172322756,5.122683751546365,18,601,58,6011,0.029950083194675542,3.103964656606805,enriched,High cross-weight c
GO:0006090,pyruvate metabolic process,biological_process,1.2080818523946487e-05,0.0011259041915050126,2.9484985640770347,4.91790363952363,14,601,39,6011,0.02329450915141431,3.590340884850036,enriched,High cross-weight c
GO:0009205,purine ribonucleoside triphosphate metabolic process,biological_process,1.6637101448383118e-05,0.0014816263123198965,2.8292613179232995,4.778922335174138,15,601,45,6011,0.024958402662229616,3.333887964503605,enriched,High cross-weight c
GO:0019538,protein metabolic process,biological_process,2.829271399280245e-05,0.002387011606866438,2.6221454692270996,4.548325390628415,122,601,863,6011,0.20299500831946754,1.4139084530803239,enriched,High cross-weight c
GO:0009144,purine nucleoside triphosphate metabolic process,biological_process,2.997741481773517e-05,0.002502801872543202,2.601573528764488,4.523205822415083,15,601,47,6011,0.024958402662229616,3.192020391546005,enriched,High cross-weight c
GO:0009141,nucleoside triphosphate metabolic process,biological_process,3.116285894778703e-05,0.002566749326320497,2.5906165432925747,4.50636270606072,17,601,58,6011,0.028286189683860232,2.9315221756842043,enriched,High cross-weight c
GO:0005975,carbohydrate metabolic process,biological_process,3.8047609142613524e-05,0.0028890237659015146,2.5392488855156397,4.419672628480611,38,601,192,6011,0.0632279534109817,1.9794959789240156,enriched,High cross-weight c
GO:0170035,L-amino acid catabolic process,biological_process,4.4047970487364395e-05,0.003299481153796501,2.4815543479278808,4.356074096932835,12,601,33,6011,0.019966722129783693,3.6369686885493873,enriched,High cross-weight c
GO:1901135,carbohydrate derivative metabolic process,biological_process,5.059897991650752e-05,0.0037551002225074794,2.4253784673146446,4.295858238517859,51,601,291,6011,0.08485856905158069,1.752868929790555,enriched,High cross-weight c
GO:0006006,glucose metabolic process,biological_process,8.42427092622687e-05,0.005871350562931163,2.231261988264591,4.074467674601143,11,601,30,6011,0.018302828618968387,3.667276760953966,enriched,High cross-weight c
GO:0044038,cell wall macromolecule biosynthetic process,biological_process,8.585844979611126e-05,0.005881670727485741,2.2304992921782723,4.066216957122275,12,601,35,6011,0.019966722129783693,3.429141906346565,enriched,High cross-weight c
GO:0044036,cell wall macromolecule metabolic process,biological_process,8.585844979611126e-05,0.005881670727485741,2.2304992921782723,4.066216957122275,12,601,35,6011,0.019966722129783693,3.429141906346565,enriched,High cross-weight c
GO:0046496,nicotinamide nucleotide metabolic process,biological_process,0.00010067019391225557,0.006559931741518117,2.183100679593281,3.997099094844047,18,601,69,6011,0.029950083194675542,2.6091297113506475,enriched,High cross-weight c
GO:0046031,ADP metabolic process,biological_process,0.00011143997609423554,0.007088820701549982,2.1494260081750127,3.9529589897476134,10,601,26,6011,0.016638935108153077,3.846793805196467,enriched,High cross-weight c
GO:0009134,nucleoside diphosphate catabolic process,biological_process,0.00011143997609423554,0.007088820701549982,2.1494260081750127,3.9529589897476134,10,601,26,6011,0.016638935108153077,3.846793805196467,enriched,High cross-weight c
GO:0072522,purine-containing compound biosynthetic process,biological_process,0.00011680557913547839,0.007371627691109128,2.1324366072266985,3.9325364129609053,20,601,82,6011,0.033277870216306155,2.439430217929467,enriched,High cross-weight c
GO:0046390,ribose phosphate biosynthetic process,biological_process,0.0001189209586026754,0.007390438588206799,2.131329787479872,3.9247415986751863,16,601,58,6011,0.026622296173044926,2.759079694761604,enriched,High cross-weight c
GO:0009132,nucleoside diphosphate metabolic process,biological_process,0.00011894779511898652,0.007390438588206799,2.131329787479872,3.924643603870787,11,601,31,6011,0.018302828618968387,3.548977510600612,enriched,High cross-weight c
GO:1901606,alpha-amino acid catabolic process,biological_process,0.0001580182272740657,0.00945161262389281,2.024494086315304,3.80129281464066,12,601,37,6011,0.019966722129783693,3.2437828843818863,enriched,High cross-weight c
GO:0009179,purine ribonucleoside diphosphate metabolic process,biological_process,0.00016134012700232716,0.009508390572968031,2.0218929872087963,3.7922576055287425,10,601,27,6011,0.016638935108153077,3.704319960559561,enriched,High cross-weight c
GO:0009135,purine nucleoside diphosphate metabolic process,biological_process,0.00016134012700232716,0.009508390572968031,2.0218929872087963,3.7922576055287425,10,601,27,6011,0.016638935108153077,3.704319960559561,enriched,High cross-weight c
GO:0009063,amino acid catabolic process,biological_process,0.00016472446757222683,0.009636982537163488,2.016058927985128,3.7832418875188845,14,601,48,6011,0.02329450915141431,2.917151968940655,enriched,High cross-weight c
GO:0072524,pyridine-containing compound metabolic process,biological_process,0.00016672304074474525,0.009683225880935748,2.0139799372265927,3.77800437751552,20,601,84,6011,0.033277870216306155,2.3813485460740034,enriched,High cross-weight c
GO:0009056,catabolic process,biological_process,0.00022604221623731042,0.01291419092331282,1.8889327972759824,3.6458104433007184,118,601,865,6011,0.19633943427620631,1.364388831715926,enriched,High cross-weight c
GO:0006696,ergosterol biosynthetic process,biological_process,0.00022879789283972805,0.01291419092331282,1.8889327972759824,3.6405479795830895,10,601,28,6011,0.016638935108153077,3.5720228191110053,enriched,High cross-weight c
GO:0016129,phytosteroid biosynthetic process,biological_process,0.00022879789283972805,0.01291419092331282,1.8889327972759824,3.6405479795830895,10,601,28,6011,0.016638935108153077,3.5720228191110053,enriched,High cross-weight c
GO:0002181,cytoplasmic translation,biological_process,0.0002923886382245875,0.016162034037034957,1.7915039829506294,3.534039507405818,27,601,131,6011,0.04492512479201331,2.061411642173985,enriched,High cross-weight c
GO:0009137,purine nucleoside diphosphate catabolic process,biological_process,0.000309512962501876,0.016649304660755277,1.7786038995932718,3.5093211578711614,9,601,24,6011,0.014975041597337771,3.750623960066556,enriched,High cross-weight c
GO:0006096,glycolytic process,biological_process,0.000309512962501876,0.016649304660755277,1.7786038995932718,3.5093211578711614,9,601,24,6011,0.014975041597337771,3.750623960066556,enriched,High cross-weight c
GO:0046032,ADP catabolic process,biological_process,0.000309512962501876,0.016649304660755277,1.7786038995932718,3.5093211578711614,9,601,24,6011,0.014975041597337771,3.750623960066556,enriched,High cross-weight c
GO:0009181,purine ribonucleoside diphosphate catabolic process,biological_process,0.000309512962501876,0.016649304660755277,1.7786038995932718,3.5093211578711614,9,601,24,6011,0.014975041597337771,3.750623960066556,enriched,High cross-weight c
GO:0009185,ribonucleoside diphosphate metabolic process,biological_process,0.00031838948705023145,0.01689994528945434,1.7721147013346426,3.497041280731637,10,601,29,6011,0.016638935108153077,3.448849618452005,enriched,High cross-weight c
GO:0009165,nucleotide biosynthetic process,biological_process,0.0003431512235442734,0.018094454320443102,1.7424545094993482,3.4645144482447394,20,601,86,6011,0.033277870216306155,2.3259683473280965,enriched,High cross-weight c
GO:0051156,glucose 6-phosphate metabolic process,biological_process,0.00040320246203400743,0.02112201132812137,1.6752647287938374,3.3944768246664023,8,601,20,6011,0.013311148086522463,4.000665557404326,enriched,High cross-weight c
GO:0009260,ribonucleotide biosynthetic process,biological_process,0.00041419295240405994,0.02155686047739312,1.6664144891544543,3.382797295008155,14,601,52,6011,0.02329450915141431,2.692755663637527,enriched,High cross-weight c
GO:1902653,secondary alcohol biosynthetic process,biological_process,0.000435462875944213,0.02223079586428578,1.6530449892452008,3.361048863526131,10,601,30,6011,0.016638935108153077,3.333887964503605,enriched,High cross-weight c
GO:0009191,ribonucleoside diphosphate catabolic process,biological_process,0.0004412925523769654,0.02224503023459986,1.6527669996389776,3.35527340200869,9,601,25,6011,0.014975041597337771,3.600599001663894,enriched,High cross-weight c
GO:0090407,organophosphate biosynthetic process,biological_process,0.0004520811945961879,0.022276679674815194,1.652149539995843,3.3447835581127263,42,601,246,6011,0.06988352745424292,1.7076011525506267,enriched,High cross-weight c
GO:0006091,generation of precursor metabolites and energy,biological_process,0.0005210615012326162,0.025007831930415687,1.6019239580684232,3.2831110136110033,29,601,152,6011,0.048252911813643926,1.9082121902093003,enriched,High cross-weight c
GO:1902652,secondary alcohol metabolic process,biological_process,0.0005909764156338407,0.028027668469261736,1.5524130282849902,3.22842985036148,12,601,42,6011,0.019966722129783693,2.8576182552888043,enriched,High cross-weight c
GO:0009154,purine ribonucleotide catabolic process,biological_process,0.0006159203868795867,0.02886901696397595,1.539568004286562,3.210475420584572,9,601,26,6011,0.014975041597337771,3.462114424676821,enriched,High cross-weight c
GO:0019364,pyridine nucleotide catabolic process,biological_process,0.0006159203868795867,0.02886901696397595,1.539568004286562,3.210475420584572,9,601,26,6011,0.014975041597337771,3.462114424676821,enriched,High cross-weight c
GO:0043170,macromolecule metabolic process,biological_process,0.0006385175328481041,0.02975417456847415,1.5264520933013628,3.1948271730839775,241,601,2028,6011,0.40099833610648916,1.1885606500671135,enriched,High cross-weight c
GO:0016072,rRNA metabolic process,biological_process,0.0007474365417420453,0.034232593611785676,1.4655601955563835,3.1264256735602527,53,601,339,6011,0.08818635607321132,1.5636819656521335,enriched,High cross-weight c
GO:0008204,ergosterol metabolic process,biological_process,0.0007775751727812469,0.03521053677876663,1.453327354132332,3.109257614460689,10,601,32,6011,0.016638935108153077,3.1255199667221296,enriched,High cross-weight c
GO:0009261,ribonucleotide catabolic process,biological_process,0.0008432105168182167,0.037795103252737064,1.4225644638684127,3.074063985424181,9,601,27,6011,0.014975041597337771,3.3338879645036053,enriched,High cross-weight c
GO:0009073,aromatic amino acid family biosynthetic process,biological_process,0.000854064315554946,0.037795103252737064,1.4225644638684127,3.06850942341067,8,601,22,6011,0.013311148086522463,3.6369686885493873,enriched,High cross-weight c
GO:0006739,NADP+ metabolic process,biological_process,0.000854064315554946,0.037795103252737064,1.4225644638684127,3.06850942341067,8,601,22,6011,0.013311148086522463,3.6369686885493873,enriched,High cross-weight c
GO:0009152,purine ribonucleotide biosynthetic process,biological_process,0.0008818071501262421,0.037795103252737064,1.4225644638684127,3.0546263840220775,11,601,38,6011,0.018302828618968387,2.8952184954899733,enriched,High cross-weight c
GO:0009156,ribonucleoside monophosphate biosynthetic process,biological_process,0.0008818071501262421,0.037795103252737064,1.4225644638684127,3.0546263840220775,11,601,38,6011,0.018302828618968387,2.8952184954899733,enriched,High cross-weight c
GO:0006364,rRNA processing,biological_process,0.0009083320850319064,0.03811665791377345,1.4188851855058062,3.041755344948242,45,601,276,6011,0.07487520798668885,1.6307060695941547,enriched,High cross-weight c
GO:0016126,sterol biosynthetic process,biological_process,0.001017537077904981,0.04139878009851992,1.3830124560841004,2.992449756612671,10,601,33,6011,0.016638935108153077,3.0308072404578223,enriched,High cross-weight c
GO:0170040,proteinogenic amino acid catabolic process,biological_process,0.001017537077904981,0.04139878009851992,1.3830124560841004,2.992449756612671,10,601,33,6011,0.016638935108153077,3.0308072404578223,enriched,High cross-weight c
GO:0051248,negative regulation of protein metabolic process,biological_process,0.0010700625614693672,0.043098248392849134,1.365540380158953,2.9705908304394097,15,601,63,6011,0.024958402662229616,2.381348546074004,enriched,High cross-weight c
GO:0072526,pyridine-containing compound catabolic process,biological_process,0.001134248075544869,0.04478324298271983,1.3488844601427892,2.9452919489197398,9,601,28,6011,0.014975041597337771,3.214820537199905,enriched,High cross-weight c
GO:0006099,tricarboxylic acid cycle,biological_process,0.001134248075544869,0.04478324298271983,1.3488844601427892,2.9452919489197398,9,601,28,6011,0.014975041597337771,3.214820537199905,enriched,High cross-weight c
GO:0042026,protein refolding,biological_process,0.001134248075544869,0.04478324298271983,1.3488844601427892,2.9452919489197398,9,601,28,6011,0.014975041597337771,3.214820537199905,enriched,High cross-weight c
GO:0005829,cytosol,cellular_component,1.5325283117503178e-10,3.7221861874784234e-08,7.429201906817264,9.81459149362954,159,601,1002,6011,0.26455906821963393,1.5870903783115962,enriched,High cross-weight c
GO:0043226,organelle,cellular_component,9.525122505161478e-10,2.0633474832126825e-07,6.685427627415159,9.021129430038327,483,601,4197,6011,0.8036605657237936,1.151013500253925,enriched,High cross-weight c
GO:0005737,cytoplasm,cellular_component,1.1096088741230594e-09,2.3403987173937686e-07,6.630710148567199,8.954830078640553,307,601,2370,6011,0.5108153078202995,1.2955741836741859,enriched,High cross-weight c
GO:0043229,intracellular organelle,cellular_component,1.7247979175848298e-09,3.456063827360603e-07,6.4614182454713465,8.763261780833547,482,601,4195,6011,0.8019966722129783,1.149178068336642,enriched,High cross-weight c
GO:0010494,cytoplasmic stress granule,cellular_component,8.593663693899771e-08,1.2755224908630864e-05,4.894311879216781,7.065821646083976,29,601,101,6011,0.048252911813643926,2.871764880314987,enriched,High cross-weight c
GO:0070013,intracellular organelle lumen,cellular_component,3.6483938012728936e-07,4.6415676693971815e-05,4.333335313586934,6.437898290823516,57,601,291,6011,0.09484193011647254,1.9590888038835617,enriched,High cross-weight c
GO:0043233,organelle lumen,cellular_component,3.6483938012728936e-07,4.6415676693971815e-05,4.333335313586934,6.437898290823516,57,601,291,6011,0.09484193011647254,1.9590888038835617,enriched,High cross-weight c
GO:0031974,membrane-enclosed lumen,cellular_component,3.6483938012728936e-07,4.6415676693971815e-05,4.333335313586934,6.437898290823516,57,601,291,6011,0.09484193011647254,1.9590888038835617,enriched,High cross-weight c
GO:0043228,membraneless organelle,cellular_component,7.23523103076642e-07,8.284339530227551e-05,4.081742110034197,6.140547596710104,140,601,959,6011,0.23294509151414308,1.460096918760703,enriched,High cross-weight c
GO:0043232,intracellular membraneless organelle,cellular_component,7.23523103076642e-07,8.284339530227551e-05,4.081742110034197,6.140547596710104,140,601,959,6011,0.23294509151414308,1.460096918760703,enriched,High cross-weight c
GO:0036464,cytoplasmic ribonucleoprotein granule,cellular_component,1.6374988326408454e-06,0.00017978839922762156,3.745238334371247,5.785819000940955,33,601,138,6011,0.05490848585690516,2.39170223540476,enriched,High cross-weight c
GO:0035770,ribonucleoprotein granule,cellular_component,1.8295996875173773e-06,0.00019816542561421324,3.7029721156165247,5.737643922575712,33,601,139,6011,0.05490848585690516,2.3744957445025676,enriched,High cross-weight c
GO:0005759,mitochondrial matrix,cellular_component,5.380008782610964e-06,0.000539009629907836,3.2684034756695235,5.269217015367744,32,601,140,6011,0.05324459234608985,2.2860946042310433,enriched,High cross-weight c
GO:0009277,fungal-type cell wall,cellular_component,1.5647637920666572e-05,0.0014091664936420514,2.851037691774761,4.805551211820012,29,601,127,6011,0.048252911813643926,2.2838445111166426,enriched,High cross-weight c
GO:0005618,cell wall,cellular_component,2.074206581013372e-05,0.001807039755089367,2.7430322928037514,4.68314799214836,29,601,129,6011,0.048252911813643926,2.2484360690838265,enriched,High cross-weight c
GO:0005576,extracellular region,cellular_component,2.2829999395289955e-05,0.0019466217569494573,2.710718426922683,4.641494100013148,19,601,68,6011,0.03161397670549085,2.794582558480963,enriched,High cross-weight c
GO:0042645,mitochondrial nucleoid,cellular_component,3.170407776740227e-05,0.002566749326320497,2.5906165432925747,4.498884875385189,10,601,23,6011,0.016638935108153077,4.348549518917745,enriched,High cross-weight c
GO:0009295,nucleoid,cellular_component,3.170407776740227e-05,0.002566749326320497,2.5906165432925747,4.498884875385189,10,601,23,6011,0.016638935108153077,4.348549518917745,enriched,High cross-weight c
GO:0005739,mitochondrion,cellular_component,3.779227417622584e-05,0.0028890237659015146,2.5392488855156397,4.422596973325946,149,601,1105,6011,0.24792013311148087,1.3486406517041734,enriched,High cross-weight c
GO:0030312,external encapsulating structure,cellular_component,3.820792503874742e-05,0.0028890237659015146,2.5392488855156397,4.417846546941033,29,601,130,6011,0.048252911813643926,2.2311404070139513,enriched,High cross-weight c
GO:0032991,protein-containing complex,cellular_component,0.00011007903914334621,0.007088820701549982,2.1494260081750127,3.9582953699567094,246,601,2030,6011,0.40931780366056575,1.2120242944845618,enriched,High cross-weight c
GO:0099080,supramolecular complex,cellular_component,0.0004966186445174659,0.0239783038301656,1.6201815411392904,3.303976979789399,42,601,248,6011,0.06988352745424292,1.6938301755139282,enriched,High cross-weight c
GO:1990204,oxidoreductase complex,cellular_component,0.001134248075544869,0.04478324298271983,1.3488844601427892,2.9452919489197398,9,601,28,6011,0.014975041597337771,3.214820537199905,enriched,High cross-weight c
GO:0043227,membrane-bounded organelle,cellular_component,0.0012323712184122162,0.04818270885645811,1.3171087873941025,2.909258453028512,422,601,3863,6011,0.7021630615640599,1.092596987590361,enriched,High cross-weight c
GO:0003824,catalytic activity,molecular_function,6.511967497415811e-24,1.3048354872946931e-20,19.884444240405333,23.186287775767532,340,601,2242,6011,0.5657237936772047,1.5167554521827287,enriched,High cross-weight c
GO:0005488,binding,molecular_function,5.440991121666316e-17,1.982251992734342e-14,13.702841136885295,16.264321982753252,456,601,3632,6011,0.7587354409317804,1.2557155108592875,enriched,High cross-weight c
GO:1901363,heterocyclic compound binding,molecular_function,1.056237731325329e-16,3.680758876770657e-14,13.434062631865448,15.97623832253802,143,601,737,6011,0.23793677204658903,1.940621352472248,enriched,High cross-weight c
GO:0043168,anion binding,molecular_function,1.3059272406805433e-13,3.876669197797983e-11,10.411541256434205,12.88408101896538,140,601,777,6011,0.23294509151414308,1.8021016024343812,enriched,High cross-weight c
GO:0036094,small molecule binding,molecular_function,7.140619198684284e-13,2.0440022456233763e-10,9.689518631403613,12.146264126751559,220,601,1456,6011,0.36605657237936773,1.511240423470041,enriched,High cross-weight c
GO:0000166,nucleotide binding,molecular_function,4.332011590543125e-12,1.1972783758001086e-09,8.921804861274396,11.363310390065603,124,601,686,6011,0.20632279534109818,1.8078809370194477,enriched,High cross-weight c
GO:1901265,nucleoside phosphate binding,molecular_function,4.624527643504792e-12,1.2355196354230301e-09,8.908150348207585,11.334932620178085,124,601,687,6011,0.20632279534109818,1.8052493781591576,enriched,High cross-weight c
GO:0043167,ion binding,molecular_function,1.406142699570081e-10,3.521948042829437e-08,7.4532170552054575,9.851970603575715,204,601,1387,6011,0.33943427620632277,1.4710450138977693,enriched,High cross-weight c
GO:0017076,purine nucleotide binding,molecular_function,3.407217244594875e-10,7.802527490122263e-08,7.107764692539288,9.467600174879175,111,601,626,6011,0.18469217970049917,1.7734579747279562,enriched,High cross-weight c
GO:0097367,carbohydrate derivative binding,molecular_function,1.5186219369195424e-09,3.1209627754897777e-07,6.505711411243604,8.818550330907268,107,601,612,6011,0.17803660565723795,1.7486569225582635,enriched,High cross-weight c
GO:0032553,ribonucleotide binding,molecular_function,2.9059433775884225e-09,5.680764919846635e-07,6.245593182228779,8.536712852199207,105,601,603,6011,0.17470881863560733,1.7415832650391967,enriched,High cross-weight c
GO:0032555,purine ribonucleotide binding,molecular_function,9.715635318087782e-09,1.810949234290083e-06,5.742093723941439,8.012528795052017,101,601,583,6011,0.16805324459234608,1.73270678086551,enriched,High cross-weight c
GO:0016491,oxidoreductase activity,molecular_function,1.4972855917947566e-08,2.608857395268473e-06,5.583549659550846,7.824695354559435,62,601,300,6011,0.10316139767054909,2.0670105379922354,enriched,High cross-weight c
GO:0035639,purine ribonucleoside triphosphate binding,molecular_function,2.0708582047625688e-08,3.531474151313189e-06,5.452043968227236,7.683849636981682,99,601,577,6011,0.16472545757071547,1.7160567165642473,enriched,High cross-weight c
GO:0005515,protein binding,molecular_function,2.489282454222767e-08,4.156583098040725e-06,5.381263532698525,7.603925822013101,324,601,2593,6011,0.5391014975041597,1.2497258393742783,enriched,High cross-weight c
GO:0030170,pyridoxal phosphate binding,molecular_function,3.088851771555327e-08,4.951429389803189e-06,5.305269409855953,7.510202932210098,17,601,38,6011,0.028286189683860232,4.474428583939049,enriched,High cross-weight c
GO:0070279,vitamin B6 binding,molecular_function,3.088851771555327e-08,4.951429389803189e-06,5.305269409855953,7.510202932210098,17,601,38,6011,0.028286189683860232,4.474428583939049,enriched,High cross-weight c
GO:0016829,lyase activity,molecular_function,7.808268027513748e-08,1.203524389240821e-05,4.919545104387388,7.107445287442752,31,601,112,6011,0.051580698835274545,2.7683176848110294,enriched,High cross-weight c
GO:0019842,vitamin binding,molecular_function,7.988661949046805e-08,1.2080967079549084e-05,4.9178982991171285,7.097525956206503,19,601,49,6011,0.03161397670549085,3.8781962036062345,enriched,High cross-weight c
GO:0180051,translation factor activity,molecular_function,1.1700862870965447e-07,1.705134834741601e-05,4.768241273170646,6.931782110366566,19,601,50,6011,0.03161397670549085,3.80063227953411,enriched,High cross-weight c
GO:0044183,protein folding chaperone,molecular_function,2.795924556979103e-07,3.7981924278283915e-05,4.420423036379666,6.553474551427685,17,601,43,6011,0.028286189683860232,3.954146190457764,enriched,High cross-weight c
GO:0016874,ligase activity,molecular_function,4.2626797241273736e-07,5.33834031076264e-05,4.272593744078786,6.370317296785062,30,601,114,6011,0.04991680532445923,2.632016814081793,enriched,High cross-weight c
GO:0003723,RNA binding,molecular_function,5.149692599272263e-07,6.25375548229806e-05,4.203859103388046,6.288218694536341,92,601,556,6011,0.15307820299500832,1.6549515795017897,enriched,High cross-weight c
GO:0030554,adenyl nucleotide binding,molecular_function,7.73828125130821e-07,8.735538623835958e-05,4.0587103117287935,6.111355489699882,89,601,538,6011,0.1480865224625624,1.6545503466960272,enriched,High cross-weight c
GO:0051082,unfolded protein binding,molecular_function,2.342280513269883e-06,0.0002503117108514415,3.6015188314178093,5.630361094716273,23,601,81,6011,0.03826955074875208,2.839978636428997,enriched,High cross-weight c
GO:0017111,ribonucleoside triphosphate phosphatase activity,molecular_function,3.2883467056997854e-06,0.0003378987031562023,3.471213475029442,5.483022399029125,59,601,322,6011,0.09816971713810316,1.8326030115439071,enriched,High cross-weight c
GO:0003729,mRNA binding,molecular_function,1.2968781638071286e-05,0.0011947676417142685,2.922716548049192,4.887100822120737,46,601,240,6011,0.07653910149750416,1.916985579589573,enriched,High cross-weight c
GO:0032559,adenyl ribonucleotide binding,molecular_function,1.4697553787194228e-05,0.0013386465182313833,2.873334087251112,4.832754941791107,79,601,495,6011,0.1314475873544093,1.59622514664112,enriched,High cross-weight c
GO:0016769,"transferase activity, transferring nitrogenous groups",molecular_function,1.9664734694494898e-05,0.0017320093250151275,2.7614497741017487,4.706311908470819,10,601,22,6011,0.016638935108153077,4.546210860686734,enriched,High cross-weight c
GO:0003743,translation initiation factor activity,molecular_function,2.1142553159145444e-05,0.0018221243394682875,2.7394219906437702,4.674842568779999,12,601,31,6011,0.019966722129783693,3.8716118297461217,enriched,High cross-weight c
GO:0016817,"hydrolase activity, acting on acid anhydrides",molecular_function,3.519578343547832e-05,0.002765629453287831,2.5582060083093485,4.453509363237595,60,601,356,6011,0.09983361064891846,1.685673689917553,enriched,High cross-weight c
GO:0016462,pyrophosphatase activity,molecular_function,3.519578343547832e-05,0.002765629453287831,2.5582060083093485,4.453509363237595,60,601,356,6011,0.09983361064891846,1.685673689917553,enriched,High cross-weight c
GO:0016818,"hydrolase activity, acting on acid anhydrides, in phosphorus-containing anhydrides",molecular_function,3.519578343547832e-05,0.002765629453287831,2.5582060083093485,4.453509363237595,60,601,356,6011,0.09983361064891846,1.685673689917553,enriched,High cross-weight c
GO:0005524,ATP binding,molecular_function,3.7753080064653776e-05,0.0028890237659015146,2.5392488855156397,4.423047610908552,77,601,489,6011,0.1281198003327787,1.574904130471028,enriched,High cross-weight c
GO:0005525,GTP binding,molecular_function,7.419424117795836e-05,0.005216375816152073,2.282631127206836,4.129629802560527,22,601,92,6011,0.036605657237936774,2.39170223540476,enriched,High cross-weight c
GO:0032561,guanyl ribonucleotide binding,molecular_function,7.419424117795836e-05,0.005216375816152073,2.282631127206836,4.129629802560527,22,601,92,6011,0.036605657237936774,2.39170223540476,enriched,High cross-weight c
GO:0019001,guanyl nucleotide binding,molecular_function,7.419424117795836e-05,0.005216375816152073,2.282631127206836,4.129629802560527,22,601,92,6011,0.036605657237936774,2.39170223540476,enriched,High cross-weight c
GO:0008483,transaminase activity,molecular_function,9.163549126907639e-05,0.006224224258658028,2.205914768116195,4.037936287500233,9,601,21,6011,0.014975041597337771,4.286427382933207,enriched,High cross-weight c
GO:0016787,hydrolase activity,molecular_function,9.678120672948417e-05,0.006410755139973683,2.1930908107608023,4.014208967134516,118,601,851,6011,0.19633943427620631,1.3868347114386324,enriched,High cross-weight c
GO:1990825,sequence-specific mRNA binding,molecular_function,0.00014146139966686352,0.008655061971984054,2.062729818141637,3.8493620491760367,9,601,22,6011,0.014975041597337771,4.091589774618061,enriched,High cross-weight c
GO:0016879,"ligase activity, forming carbon-nitrogen bonds",molecular_function,0.00014460411825219281,0.008714300810461094,2.0597674526549667,3.8398193383780446,13,601,42,6011,0.021630615640599003,3.095753109896205,enriched,High cross-weight c
GO:0016835,carbon-oxygen lyase activity,molecular_function,0.0003119960311625584,0.01667098793178604,1.778038662882855,3.5058509305173375,13,601,45,6011,0.021630615640599003,2.889369569236458,enriched,High cross-weight c
GO:0031072,heat shock protein binding,molecular_function,0.0004412925523769654,0.02224503023459986,1.6527669996389776,3.35527340200869,9,601,25,6011,0.014975041597337771,3.600599001663894,enriched,High cross-weight c
GO:0043022,ribosome binding,molecular_function,0.0004957100360955684,0.0239783038301656,1.6201815411392904,3.304772288323409,16,601,65,6011,0.026622296173044926,2.4619480353257392,enriched,High cross-weight c
GO:0000287,magnesium ion binding,molecular_function,0.0007111731720759491,0.03294828308779614,1.4821672112649105,3.1480246348262786,16,601,67,6011,0.026622296173044926,2.388457049196613,enriched,High cross-weight c
GO:0016853,isomerase activity,molecular_function,0.0007388402503773095,0.03403335980904676,1.4680951747801045,3.1314494531876687,34,601,189,6011,0.056572379367720464,1.7992411237003583,enriched,High cross-weight c
GO:0016887,ATP hydrolysis activity,molecular_function,0.000763361076631826,0.034763289938659576,1.4588791293869552,3.117269988262969,40,601,235,6011,0.06655574043261231,1.7024108754912026,enriched,High cross-weight c
GO:0003724,RNA helicase activity,molecular_function,0.0009353358641103487,0.03904540078564815,1.4084301149505372,3.029032412937151,12,601,44,6011,0.019966722129783693,2.7277265164120403,enriched,High cross-weight c
GO:0005198,structural molecule activity,molecular_function,0.0010262851213935858,0.0415438143836848,1.3814936308212789,2.9887319672499113,55,601,359,6011,0.09151414309484193,1.532288340231462,enriched,High cross-weight c
GO:0008186,"ATP-dependent activity, acting on RNA",molecular_function,0.0011620048942731814,0.04565426091960564,1.340518683463386,2.9347920427276506,12,601,45,6011,0.019966722129783693,2.667110371602884,enriched,High cross-weight c
GO:0006310,DNA recombination,biological_process,0.000141223436510039,0.008655061971984054,2.062729818141637,3.850093224655514,7,601,222,6011,0.011647254575707155,0.3153677804260167,depleted,High cross-weight c
GO:0022402,cell cycle process,biological_process,0.0009637759638222957,0.040024167616765284,1.3976776913438205,3.0160239090262104,38,601,603,6011,0.0632279534109817,0.6302872768713282,depleted,High cross-weight c
GO:0008152,metabolic process,biological_process,4.942215839878494e-47,3.6010781778751026e-44,43.443567450177945,46.30607829170989,145,601,3094,6011,0.24126455906821964,0.4687269762634351,depleted,Low cross-weight c
GO:0044238,primary metabolic process,biological_process,7.421635378224088e-40,4.9570339630388395e-37,36.30477810552296,39.1295003861655,119,601,2663,6011,0.19800332778702162,0.4469387920870398,depleted,Low cross-weight c
GO:0043170,macromolecule metabolic process,biological_process,6.888053975296818e-22,3.2475148595296464e-19,18.488448853065723,21.161903458377612,102,601,2028,6011,0.16971713810316139,0.5030422668333842,depleted,Low cross-weight c
GO:0071840,cellular component organization or biogenesis,biological_process,1.422946440269446e-20,6.002587220399795e-18,17.221661520723142,19.846811446460475,95,601,1906,6011,0.15806988352745424,0.4985089558675381,depleted,Low cross-weight c
GO:0009058,biosynthetic process,biological_process,8.161669131143786e-20,3.2707889043058724e-17,16.48534748420075,19.088221015226935,50,601,1299,6011,0.08319467554076539,0.3849755155315941,depleted,Low cross-weight c
GO:0016043,cellular component organization,biological_process,1.8922203786817283e-18,6.593976667449588e-16,15.180852593925627,17.723028284598197,92,601,1808,6011,0.15307820299500832,0.5089342246697982,depleted,Low cross-weight c
GO:0051179,localization,biological_process,6.178077896423844e-16,1.9045113207629657e-13,12.72021644146968,15.209146620189026,71,601,1470,6011,0.11813643926788686,0.48307356220358366,depleted,Low cross-weight c
GO:0050789,regulation of biological process,biological_process,2.1166459645402592e-14,5.849971519237992e-12,11.232846248288398,13.674351777079606,97,601,1743,6011,0.16139767054908485,0.5566043589618755,depleted,Low cross-weight c
GO:0050794,regulation of cellular process,biological_process,2.3483596056478374e-14,6.274034079755806e-12,11.202453126599432,13.629235398569934,95,601,1716,6011,0.15806988352745424,0.5537051689297946,depleted,Low cross-weight c
GO:0051234,establishment of localization,biological_process,2.762679971623662e-13,6.709963628049591e-11,10.17327983395622,12.558669420768496,63,601,1282,6011,0.1048252911813644,0.49150142378407286,depleted,Low cross-weight c
GO:0019538,protein metabolic process,biological_process,6.293495253780683e-13,1.4835989546780048e-10,9.828683481340821,12.20110809098873,33,601,863,6011,0.05490848585690516,0.3824506471446778,depleted,Low cross-weight c
GO:0006139,nucleobase-containing compound metabolic process,biological_process,7.121698311946537e-13,1.630868913435757e-10,9.787580945433923,12.14741642777381,78,601,1458,6011,0.129783693843594,0.5350684387474921,depleted,Low cross-weight c
GO:0006810,transport,biological_process,1.3701034386389844e-12,3.0503830724142946e-10,9.51564561777158,11.863246643694458,59,601,1207,6011,0.09816971713810316,0.48889657805893794,depleted,Low cross-weight c
GO:0044281,small molecule metabolic process,biological_process,1.3536199236872271e-11,2.712315922088281e-09,8.56665972659375,10.86850326195595,20,601,629,6011,0.033277870216306155,0.31801792984136135,depleted,Low cross-weight c
GO:0019222,regulation of metabolic process,biological_process,2.0201567336191978e-11,3.855132433323302e-09,8.413960698268374,10.694614934560636,62,601,1208,6011,0.10316139767054909,0.5133304316205882,depleted,Low cross-weight c
GO:0048522,positive regulation of cellular process,biological_process,5.586590476672529e-11,1.0413144807100074e-08,7.982418092188276,10.252853163298854,32,601,793,6011,0.05324459234608985,0.40359803857799004,depleted,Low cross-weight c
GO:0009059,macromolecule biosynthetic process,biological_process,6.628141059756873e-11,1.1999251478442364e-08,7.9208458446958065,10.178608257521539,29,601,746,6011,0.048252911813643926,0.3888046285681148,depleted,Low cross-weight c
GO:0048518,positive regulation of biological process,biological_process,6.736947180660092e-11,1.1999251478442364e-08,7.9208458446958065,10.171536857610626,34,601,819,6011,0.056572379367720464,0.41520949008469804,depleted,Low cross-weight c
GO:0009056,catabolic process,biological_process,2.977424427920356e-10,5.1878384325612296e-08,7.28501355782692,9.52615925283551,39,601,865,6011,0.064891846921797,0.4509420714993315,depleted,Low cross-weight c
GO:0060255,regulation of macromolecule metabolic process,biological_process,3.133967566007867e-10,5.3444149024580965e-08,7.272099833681169,9.503905502435616,58,601,1114,6011,0.09650582362728785,0.5207329495723764,depleted,Low cross-weight c
GO:0010468,regulation of gene expression,biological_process,3.9156042758877275e-10,6.538243389841695e-08,7.184538916594782,9.40720120590936,45,601,942,6011,0.07487520798668885,0.4777864917282237,depleted,Low cross-weight c
GO:0050896,response to stimulus,biological_process,4.372548488995915e-10,7.126238597715267e-08,7.147139640876891,9.359265365751723,49,601,995,6011,0.08153078202995008,0.49254425204224117,depleted,Low cross-weight c
GO:0016070,RNA metabolic process,biological_process,4.501813667109086e-10,7.126238597715267e-08,7.147139640876891,9.346612484684462,41,601,888,6011,0.06821963394342762,0.4617885356238101,depleted,Low cross-weight c
GO:0022607,cellular component assembly,biological_process,4.534474965483201e-10,7.126238597715267e-08,7.147139640876891,9.343472991469119,41,601,886,6011,0.06821963394342762,0.4628309476681077,depleted,Low cross-weight c
GO:0006412,translation,biological_process,5.355352052326028e-10,8.098706924413796e-08,7.091584316975822,9.271211974065196,2,601,260,6011,0.0033277870216306157,0.07693587610392935,depleted,Low cross-weight c
GO:0009889,regulation of biosynthetic process,biological_process,6.153164585664685e-10,9.132891510018972e-08,7.0393917013228515,9.210901468190047,51,601,1015,6011,0.08485856905158069,0.5025466586887207,depleted,Low cross-weight c
GO:0043933,protein-containing complex organization,biological_process,8.656695277970657e-10,1.2615165936897238e-07,6.899107032502344,9.062647869698264,23,601,624,6011,0.03826955074875208,0.3686510729979948,depleted,Low cross-weight c
GO:0090304,nucleic acid metabolic process,biological_process,8.86035996558167e-10,1.2681390200738764e-07,6.896833134197592,9.052548633881555,70,601,1248,6011,0.11647254575707154,0.5609907632578182,depleted,Low cross-weight c
GO:0010556,regulation of macromolecule biosynthetic process,biological_process,9.158244952754087e-10,1.2877777771284914e-07,6.890159073694696,9.038187744712369,48,601,972,6011,0.07986688851913477,0.4939093280746082,depleted,Low cross-weight c
GO:0006793,phosphorus metabolic process,biological_process,1.7096184918137207e-09,2.2837653686478286e-07,6.6413485170355795,8.767100793342099,12,601,442,6011,0.019966722129783693,0.2715383862491624,depleted,Low cross-weight c
GO:0051252,regulation of RNA metabolic process,biological_process,2.00271763700472e-09,2.631439649277513e-07,6.579806585854307,8.698380277533705,27,601,673,6011,0.04492512479201331,0.4012554608094978,depleted,Low cross-weight c
GO:0006796,phosphate-containing compound metabolic process,biological_process,2.2550739172756205e-09,2.9152286204780803e-07,6.535327380967152,8.646839218159062,11,601,425,6011,0.018302828618968387,0.25886659489086816,depleted,Low cross-weight c
GO:0019637,organophosphate metabolic process,biological_process,2.305941840451701e-09,2.9336704525746637e-07,6.532588673269362,8.637151650505944,9,601,386,6011,0.014975041597337771,0.23319941720621076,depleted,Low cross-weight c
GO:0080090,regulation of primary metabolic process,biological_process,2.7668240986625803e-09,3.4650148673094653e-07,6.460294897624581,8.558018450330858,53,601,1019,6011,0.08818635607321132,0.5202043045692574,depleted,Low cross-weight c
GO:0006355,regulation of DNA-templated transcription,biological_process,4.387099707614418e-09,5.329002356790389e-07,6.273354087689125,8.357822495074274,24,601,617,6011,0.03993344425956739,0.38904365225973997,depleted,Low cross-weight c
GO:2001141,regulation of RNA biosynthetic process,biological_process,4.38819907109377e-09,5.329002356790389e-07,6.273354087689125,8.35771367883742,24,601,618,6011,0.03993344425956739,0.38841413178682777,depleted,Low cross-weight c
GO:0006357,regulation of transcription by RNA polymerase II,biological_process,9.354253028744953e-09,1.086584609063635e-06,5.9639364508263855,8.028990886779294,17,601,503,6011,0.028286189683860232,0.33802840196756234,depleted,Low cross-weight c
GO:0006950,response to stress,biological_process,9.557909353407281e-09,1.0943806209651338e-06,5.9608316059405,8.019637092616406,41,601,845,6011,0.06821963394342762,0.48528783388632357,depleted,Low cross-weight c
GO:0009893,positive regulation of metabolic process,biological_process,1.601101796488762e-08,1.7672532001730315e-06,5.752701223237901,7.795581055183815,24,601,601,6011,0.03993344425956739,0.39940088759444187,depleted,Low cross-weight c
GO:0051716,cellular response to stimulus,biological_process,1.6096005441376334e-08,1.7672532001730315e-06,5.752701223237901,7.793281889807608,44,601,876,6011,0.07321131447587355,0.5023666795827351,depleted,Low cross-weight c
GO:0019219,regulation of nucleobase-containing compound metabolic process,biological_process,2.6512356029069013e-08,2.8332871143065087e-06,5.547709413534322,7.576551676832785,37,601,775,6011,0.06156405990016639,0.477498792335355,depleted,Low cross-weight c
GO:0051641,cellular localization,biological_process,4.755942496728187e-08,4.950503780685249e-06,5.3053506034828075,7.322763405000489,37,601,765,6011,0.06156405990016639,0.4837406066142486,depleted,Low cross-weight c
GO:0033554,cellular response to stress,biological_process,9.105206475370792e-08,9.122278737512113e-06,5.039896661725211,7.0407102014234315,39,601,781,6011,0.064891846921797,0.49944288328671166,depleted,Low cross-weight c
GO:0065003,protein-containing complex assembly,biological_process,1.694461667617194e-07,1.6167988411847394e-05,4.791344010766412,6.770968251394694,21,601,526,6011,0.03494176372712146,0.3993059729348424,depleted,Low cross-weight c
GO:0010604,positive regulation of macromolecule metabolic process,biological_process,3.6189591322884626e-07,3.372785749452561e-05,4.472011245761818,6.441416321208414,24,601,555,6011,0.03993344425956739,0.43250438458425144,depleted,Low cross-weight c
GO:0051649,establishment of localization in cell,biological_process,7.77176734093728e-07,7.078490367910489e-05,4.150059354569254,6.109480209109249,35,601,693,6011,0.05823627287853577,0.5051345400763038,depleted,Low cross-weight c
GO:0045944,positive regulation of transcription by RNA polymerase II,biological_process,7.937829539746612e-07,7.139431259802567e-05,4.146336383541387,6.100298231549075,10,601,335,6011,0.016638935108153077,0.29855713114957655,depleted,Low cross-weight c
GO:0051254,positive regulation of RNA metabolic process,biological_process,9.331919225686979e-07,8.129927455856646e-05,4.0899133296410755,6.030029028985684,16,601,427,6011,0.026622296173044926,0.3747696072509908,depleted,Low cross-weight c
GO:0006396,RNA processing,biological_process,9.547856665903812e-07,8.228609804002048e-05,4.084673531184929,6.020094109321158,23,601,529,6011,0.03826955074875208,0.4348549518917746,depleted,Low cross-weight c
GO:0009891,positive regulation of biosynthetic process,biological_process,1.1445850351487128e-06,9.556092767413472e-05,4.019719642913347,5.941351936563942,20,601,485,6011,0.033277870216306155,0.412439748186013,depleted,Low cross-weight c
GO:0006364,rRNA processing,biological_process,1.6208722617257828e-06,0.0001339308368838366,3.873119417412051,5.79025120983597,7,601,276,6011,0.011647254575707155,0.25366538860353516,depleted,Low cross-weight c
GO:0042221,response to chemical,biological_process,2.466514393979461e-06,0.00019573379076975625,3.7083341928497164,5.607916345757237,14,601,383,6011,0.02329450915141431,0.36559606921449456,depleted,Low cross-weight c
GO:0010557,positive regulation of macromolecule biosynthetic process,biological_process,2.8031934977797833e-06,0.00022027054788926434,3.6570435679616335,5.55234692288988,20,601,469,6011,0.033277870216306155,0.42651018735653795,depleted,Low cross-weight c
GO:0033036,macromolecule localization,biological_process,3.964562497219499e-06,0.00030850454772052705,3.5107384295711843,5.401804731556176,30,601,602,6011,0.04991680532445923,0.4984217887131635,depleted,Low cross-weight c
GO:0008104,intracellular protein localization,biological_process,4.060718158853217e-06,0.00031294861580008206,3.5045269650300512,5.391397152421434,27,601,564,6011,0.04492512479201331,0.4788030587319007,depleted,Low cross-weight c
GO:1902680,positive regulation of RNA biosynthetic process,biological_process,4.6747507822648495e-06,0.00035347290113068653,3.4516438756168015,5.330241537042195,15,601,392,6011,0.024958402662229616,0.38271673061903627,depleted,Low cross-weight c
GO:0045893,positive regulation of DNA-templated transcription,biological_process,4.6747507822648495e-06,0.00035347290113068653,3.4516438756168015,5.330241537042195,15,601,392,6011,0.024958402662229616,0.38271673061903627,depleted,Low cross-weight c
GO:0009890,negative regulation of biosynthetic process,biological_process,4.789660301417936e-06,0.00035877689080247437,3.4451755380922173,5.319695287097171,21,601,476,6011,0.03494176372712146,0.4412498776548888,depleted,Low cross-weight c
GO:0006996,organelle organization,biological_process,5.905300914661248e-06,0.00043422923698174223,3.362280938522401,5.228757967271941,52,601,874,6011,0.08652246256239601,0.5950646710097969,depleted,Low cross-weight c
GO:0055085,transmembrane transport,biological_process,9.218444185582676e-06,0.0006424854795430013,3.1921366831338034,5.035342369470356,20,601,453,6011,0.033277870216306155,0.44157456483491453,depleted,Low cross-weight c
GO:0048519,negative regulation of biological process,biological_process,9.345579418342627e-06,0.0006457311986035875,3.1899482300816073,5.029393767544852,43,601,756,6011,0.07154742096505824,0.5688777082287898,depleted,Low cross-weight c
GO:0046907,intracellular transport,biological_process,9.98217536773666e-06,0.0006780265726475367,3.168753285295102,5.00077480467914,34,601,640,6011,0.056572379367720464,0.5313383943427621,depleted,Low cross-weight c
GO:0006082,organic acid metabolic process,biological_process,1.1987726475517383e-05,0.0008074086361451414,3.0929066096320197,4.921263174929653,11,601,316,6011,0.018302828618968387,0.34815918616651576,depleted,Low cross-weight c
GO:0010558,negative regulation of macromolecule biosynthetic process,biological_process,1.232119610303189e-05,0.0008229532230483383,3.084624849537829,4.909347130180367,20,601,448,6011,0.033277870216306155,0.44650285238887566,depleted,Low cross-weight c
GO:0048523,negative regulation of cellular process,biological_process,1.5368794021917172e-05,0.0010096793777513617,2.9958165139197943,4.81336020993521,43,601,746,6011,0.07154742096505824,0.5765034147734117,depleted,Low cross-weight c
GO:0019752,carboxylic acid metabolic process,biological_process,1.6465010454464916e-05,0.0010642504741333572,2.972956147668604,4.783437989196532,10,601,299,6011,0.016638935108153077,0.33450380914751887,depleted,Low cross-weight c
GO:0043436,oxoacid metabolic process,biological_process,1.6789631767599618e-05,0.0010765511889384875,2.967965315078786,4.7749588287608935,11,601,314,6011,0.018302828618968387,0.35037676060069733,depleted,Low cross-weight c
GO:0090407,organophosphate biosynthetic process,biological_process,1.8691194004342604e-05,0.001188967618609571,2.9248299731783485,4.728362954750949,7,601,246,6011,0.011647254575707155,0.2846001920917712,depleted,Low cross-weight c
GO:0016072,rRNA metabolic process,biological_process,2.2724541400504233e-05,0.0014119162738375306,2.850191056038076,4.6435048724289905,13,601,339,6011,0.021630615640599003,0.3835446330844856,depleted,Low cross-weight c
GO:0006629,lipid metabolic process,biological_process,2.293266687184354e-05,0.0014138871152140462,2.849585263238318,4.639545437621645,11,601,309,6011,0.018302828618968387,0.3560462874712588,depleted,Low cross-weight c
GO:0005975,carbohydrate metabolic process,biological_process,2.3627489621867467e-05,0.0014456055673226545,2.839950187887044,4.626582418921443,4,601,192,6011,0.0066555740432612314,0.20836799778147533,depleted,Low cross-weight c
GO:0009892,negative regulation of metabolic process,biological_process,2.5306466756104312e-05,0.001536600992804364,2.8134388905483445,4.5967684860326585,28,601,548,6011,0.04658901830282862,0.511033921566246,depleted,Low cross-weight c
GO:0051640,organelle localization,biological_process,2.9930164158206972e-05,0.0018036862084814202,2.743839015451835,4.523890901174912,5,601,210,6011,0.008319467554076539,0.23813485460740036,depleted,Low cross-weight c
GO:0010605,negative regulation of macromolecule metabolic process,biological_process,3.344818499758086e-05,0.001990102267493391,2.701124605466244,4.475627443424446,25,601,501,6011,0.04159733777038269,0.4990850246262881,depleted,Low cross-weight c
GO:0009628,response to abiotic stimulus,biological_process,3.524268245630498e-05,0.0020663963131765874,2.684786381693669,4.452931043176146,4,601,190,6011,0.0066555740432612314,0.21056134512654348,depleted,Low cross-weight c
GO:0009057,macromolecule catabolic process,biological_process,3.631822607297765e-05,0.002094176848740402,2.6789866458715927,4.439875372307662,21,601,447,6011,0.03494176372712146,0.4698768272119175,depleted,Low cross-weight c
GO:0006644,phospholipid metabolic process,biological_process,3.9938509268894446e-05,0.002270263487873681,2.6439237354549596,4.3986081494897435,2,601,149,6011,0.0033277870216306157,0.13425052206054786,depleted,Low cross-weight c
GO:0006338,chromatin remodeling,biological_process,4.4067664423515986e-05,0.002469946366115249,2.607312477166685,4.355879966391787,10,601,287,6011,0.016638935108153077,0.34849003113278104,depleted,Low cross-weight c
GO:0010496,intercellular transport,biological_process,4.823887185226958e-05,0.002684962207610699,2.5710618228663407,4.3166028574612545,24,601,480,6011,0.03993344425956739,0.5000831946755407,depleted,Low cross-weight c
GO:1902679,negative regulation of RNA biosynthetic process,biological_process,7.004220715202517e-05,0.0038451252761882307,2.4150895060911712,4.154640176996898,4,601,179,6011,0.0066555740432612314,0.2235008691287333,depleted,Low cross-weight c
GO:0045892,negative regulation of DNA-templated transcription,biological_process,7.004220715202517e-05,0.0038451252761882307,2.4150895060911712,4.154640176996898,4,601,179,6011,0.0066555740432612314,0.2235008691287333,depleted,Low cross-weight c
GO:0006325,chromatin organization,biological_process,7.449998659418143e-05,0.004062023078587511,2.391257613458358,4.127843805400346,14,601,335,6011,0.02329450915141431,0.4179799836094072,depleted,Low cross-weight c
GO:0044283,small molecule biosynthetic process,biological_process,8.06819023738765e-05,0.004343303059277687,2.3621798661523887,4.093223870241911,10,601,276,6011,0.016638935108153077,0.3623791265764788,depleted,Low cross-weight c
GO:0008610,lipid biosynthetic process,biological_process,8.311353319067194e-05,0.00438259847712655,2.358268316513768,4.080328255259159,5,601,194,6011,0.008319467554076539,0.2577748426162581,depleted,Low cross-weight c
GO:0051668,localization within membrane,biological_process,8.311353319067194e-05,0.00438259847712655,2.358268316513768,4.080328255259159,5,601,194,6011,0.008319467554076539,0.2577748426162581,depleted,Low cross-weight c
GO:0022411,cellular component disassembly,biological_process,0.0001156372919287834,0.00598428493001675,2.2229877365693884,3.9369020874800826,1,601,115,6011,0.0016638935108153079,0.08697099037835491,depleted,Low cross-weight c
GO:0007010,cytoskeleton organization,biological_process,0.00012085597043228941,0.00620936283983846,2.206952961713761,3.917731890049463,5,601,193,6011,0.008319467554076539,0.2591104635624564,depleted,Low cross-weight c
GO:0045184,establishment of protein localization,biological_process,0.00014842382134622596,0.0075292210638607665,2.1232499514440817,3.8284963911798227,26,601,490,6011,0.04326123128119801,0.5307005331250637,depleted,Low cross-weight c
GO:0051253,negative regulation of RNA metabolic process,biological_process,0.00017155256637785334,0.008540334282723569,2.0685251299783287,3.7656027806366428,5,601,189,6011,0.008319467554076539,0.2645942828971115,depleted,Low cross-weight c
GO:0016192,vesicle-mediated transport,biological_process,0.0002041568871395749,0.00991707545711329,2.0036163822911184,3.6900359647673757,20,601,404,6011,0.033277870216306155,0.49513187591637703,depleted,Low cross-weight c
GO:0006520,amino acid metabolic process,biological_process,0.0002633529840145081,0.012600378083777319,1.899616423355874,3.579461756350766,6,601,200,6011,0.009983361064891847,0.30004991680532445,depleted,Low cross-weight c
GO:0051128,regulation of cellular component organization,biological_process,0.00034017903154253467,0.01566974102191618,1.8049381811754537,3.4682924595830174,23,601,437,6011,0.03826955074875208,0.5264033628163587,depleted,Low cross-weight c
GO:0070887,cellular response to chemical stimulus,biological_process,0.00038153123838335435,0.017063990721586618,1.7679193937028395,3.418469897808432,10,601,255,6011,0.016638935108153077,0.3922221134710123,depleted,Low cross-weight c
GO:0015031,protein transport,biological_process,0.00048270019506571735,0.021141213461484835,1.6748700887172283,3.3163225256769624,22,601,416,6011,0.036605657237936774,0.5289341482145143,depleted,Low cross-weight c
GO:0044282,small molecule catabolic process,biological_process,0.0005022867751227051,0.021761235149235034,1.6623164580881278,3.2990482563752774,3,601,140,6011,0.004991680532445923,0.2143213691466603,depleted,Low cross-weight c
GO:0006753,nucleoside phosphate metabolic process,biological_process,0.0005246657497574936,0.02260858056078662,1.6457267031994816,3.280117285671729,7,601,206,6011,0.011647254575707155,0.3398623653134743,depleted,Low cross-weight c
GO:0022402,cell cycle process,biological_process,0.0005649110855960265,0.02421263289332702,1.6159579825999275,3.248019902753592,37,601,603,6011,0.06156405990016639,0.6137007695852407,depleted,Low cross-weight c
GO:0000122,negative regulation of transcription by RNA polymerase II,biological_process,0.000588201043910993,0.025076762590141535,1.6007285316367712,3.2304742090632548,4,601,155,6011,0.0066555740432612314,0.25810745531640816,depleted,Low cross-weight c
GO:0009894,regulation of catabolic process,biological_process,0.0006515289153111803,0.02762965214930746,1.5586245827124159,3.1860663052293354,5,601,170,6011,0.008319467554076539,0.2941665851032592,depleted,Low cross-weight c
GO:0033365,protein localization to organelle,biological_process,0.0007095897946921479,0.02916596002285931,1.535123723819312,3.148992639146958,18,601,356,6011,0.029950083194675542,0.505702106975266,depleted,Low cross-weight c
GO:0006457,protein folding,biological_process,0.0007212073262885606,0.02933449634787294,1.5326213639063957,3.14193987020458,3,601,136,6011,0.004991680532445923,0.22062493882744444,depleted,Low cross-weight c
GO:0006399,tRNA metabolic process,biological_process,0.0007246700283067801,0.02933449634787294,1.5326213639063957,3.139859700335028,7,601,202,6011,0.011647254575707155,0.34659231314146394,depleted,Low cross-weight c
GO:0071852,fungal-type cell wall organization or biogenesis,biological_process,0.0007371325920509483,0.02968903379541885,1.5274039359218388,3.1324543862022955,7,601,203,6011,0.011647254575707155,0.3448849618452005,depleted,Low cross-weight c
GO:0090150,establishment of protein localization to membrane,biological_process,0.0008164632012134899,0.032719762788630605,1.485189853532567,3.0880633845587493,2,601,115,6011,0.0033277870216306157,0.17394198075670983,depleted,Low cross-weight c
GO:0006091,generation of precursor metabolites and energy,biological_process,0.00084408748924829,0.03365851356380619,1.4729050673646797,3.0736125366343545,4,601,152,6011,0.0066555740432612314,0.26320168140817934,depleted,Low cross-weight c
GO:0044085,cellular component biogenesis,biological_process,0.0009360198089594894,0.03677548416083484,1.434441600939119,3.028714960203384,5,601,168,6011,0.008319467554076539,0.2976685682592504,depleted,Low cross-weight c
GO:0071554,cell wall organization or biogenesis,biological_process,0.0009824714959020457,0.03822577203715969,1.4176437344809176,3.0076800408019277,8,601,211,6011,0.013311148086522463,0.37921000544116834,depleted,Low cross-weight c
GO:0030490,maturation of SSU-rRNA,biological_process,0.0011854712104973695,0.0450310509579925,1.346487917129213,2.926108988521684,2,601,111,6011,0.0033277870216306157,0.1802101602434381,depleted,Low cross-weight c
GO:0008654,phospholipid biosynthetic process,biological_process,0.0011854712104973695,0.0450310509579925,1.346487917129213,2.926108988521684,2,601,111,6011,0.0033277870216306157,0.1802101602434381,depleted,Low cross-weight c
GO:0009896,positive regulation of catabolic process,biological_process,0.001236624558233422,0.046080981000475967,1.3364782839564049,2.9077621330600483,1,601,91,6011,0.0016638935108153079,0.10990839443418479,depleted,Low cross-weight c
GO:0048583,regulation of response to stimulus,biological_process,0.0013056782025418958,0.04756778326059326,1.3226870869682412,2.8841638460938106,9,601,221,6011,0.014975041597337771,0.4073075793737436,depleted,Low cross-weight c
GO:0006811,monoatomic ion transport,biological_process,0.0013462220748355657,0.04801818250487151,1.31859428207664,2.8708832923257943,7,601,192,6011,0.011647254575707155,0.36464399611758186,depleted,Low cross-weight c
GO:0045934,negative regulation of nucleobase-containing compound metabolic process,biological_process,0.0013479839131124256,0.04801818250487151,1.31859428207664,2.870315290655441,9,601,225,6011,0.014975041597337771,0.40006655574043265,depleted,Low cross-weight c
GO:0019941,modification-dependent protein catabolic process,biological_process,0.0013730140743094437,0.048478889011410536,1.3144473414354685,2.8623250109325094,7,601,194,6011,0.011647254575707155,0.36088477966276133,depleted,Low cross-weight c
GO:0030163,protein catabolic process,biological_process,0.0014041062112468113,0.049143717393638396,1.3085319951395815,2.8526000394898574,13,601,278,6011,0.021630615640599003,0.4677037072505058,depleted,Low cross-weight c
GO:0043226,organelle,cellular_component,9.05566567769122e-78,1.2096860067782522e-74,73.91732734308846,77.04307961939499,210,601,4197,6011,0.34941763727121466,0.5004406522843153,depleted,Low cross-weight c
GO:0043229,intracellular organelle,cellular_component,1.0976398562742845e-77,1.2567976354340557e-74,73.90073464505824,76.95954013173414,210,601,4195,6011,0.34941763727121466,0.500679241391483,depleted,Low cross-weight c
GO:0043227,membrane-bounded organelle,cellular_component,1.5198687143083604e-59,1.3535275272423899e-56,55.868532907379326,58.81819392463016,200,601,3863,6011,0.33277870216306155,0.5178184775309767,depleted,Low cross-weight c
GO:0043231,intracellular membrane-bounded organelle,cellular_component,1.6999696192013194e-59,1.3625256497898574e-56,55.86565531330281,58.769558839992975,200,601,3861,6011,0.33277870216306155,0.518086707770568,depleted,Low cross-weight c
GO:0005737,cytoplasm,cellular_component,3.9725400448319787e-29,2.2742791756663079e-26,25.6431562252202,28.400931716232126,115,601,2370,6011,0.1913477537437604,0.48531280495938556,depleted,Low cross-weight c
GO:0032991,protein-containing complex,cellular_component,3.783589946628992e-27,2.021698228148758e-24,23.694283669531654,26.422095937166134,91,601,2030,6011,0.15141430948419302,0.4483504503987607,depleted,Low cross-weight c
GO:0005829,cytosol,cellular_component,1.5090983695106416e-18,5.497919741648997e-16,15.259801604254896,17.821282450122855,32,601,1002,6011,0.05324459234608985,0.3194144157608244,depleted,Low cross-weight c
GO:0005634,nucleus,cellular_component,3.1273946201302797e-18,1.0444194950143413e-15,14.981125030282515,17.50481731526107,112,601,2040,6011,0.18635607321131448,0.5491109588594173,depleted,Low cross-weight c
GO:0031090,organelle membrane,cellular_component,1.62022538774693e-17,5.194442593116658e-15,14.284461049015693,16.790424567033817,56,601,1321,6011,0.09317803660565724,0.42399180774913375,depleted,Low cross-weight c
GO:0005739,mitochondrion,cellular_component,2.3767182222536344e-15,7.055332056060326e-13,12.151482541552292,14.62402230408347,45,601,1105,6011,0.07487520798668885,0.4073075793737436,depleted,Low cross-weight c
GO:0043228,membraneless organelle,cellular_component,4.191237814091641e-14,1.0497740962482655e-11,10.97890414789026,13.377657696260517,37,601,959,6011,0.06156405990016639,0.3858827571010429,depleted,Low cross-weight c
GO:0043232,intracellular membraneless organelle,cellular_component,4.191237814091641e-14,1.0497740962482655e-11,10.97890414789026,13.377657696260517,37,601,959,6011,0.06156405990016639,0.3858827571010429,depleted,Low cross-weight c
GO:0016020,membrane,cellular_component,2.7491909605703036e-12,5.649939884351535e-10,9.24795617307141,11.560795092735075,129,601,2038,6011,0.2146422628951747,0.6330788234852283,depleted,Low cross-weight c
GO:1902494,catalytic complex,cellular_component,1.63770729557006e-11,3.2015180424375684e-09,8.494644046328023,10.785763716298451,30,601,780,6011,0.04991680532445923,0.3846793805196467,depleted,Low cross-weight c
GO:1990904,ribonucleoprotein complex,cellular_component,4.5926831262418285e-09,5.494082874153471e-07,6.260104793856831,8.337933517846169,16,601,496,6011,0.026622296173044926,0.32263431914551016,depleted,Low cross-weight c
GO:0098588,bounding membrane of organelle,cellular_component,1.4413412774847124e-08,1.6270915970478832e-06,5.7885879977867285,7.841233175757816,26,601,631,6011,0.04326123128119801,0.412112933805517,depleted,Low cross-weight c
GO:0044391,ribosomal subunit,cellular_component,4.7506183063144034e-08,4.950503780685249e-06,5.3053506034828075,7.323249862049883,2,601,216,6011,0.0033277870216306157,0.09260799901398903,depleted,Low cross-weight c
GO:0019866,organelle inner membrane,cellular_component,1.7827818739894243e-07,1.6810584376500278e-05,4.774417189173368,6.748901790149239,9,601,336,6011,0.014975041597337771,0.2679017114333254,depleted,Low cross-weight c
GO:0031966,mitochondrial membrane,cellular_component,9.067433191582628e-07,7.986316157201621e-05,4.097653501227799,6.042515635596869,18,601,459,6011,0.029950083194675542,0.3922221134710124,depleted,Low cross-weight c
GO:0005743,mitochondrial inner membrane,cellular_component,1.0387254558369423e-06,8.763562661613781e-05,4.057319303679455,5.98349922508077,9,601,317,6011,0.014975041597337771,0.2839589118031462,depleted,Low cross-weight c
GO:0005840,ribosome,cellular_component,1.8771309903673423e-06,0.00015352249885504336,3.8138279692905352,5.726505420288204,3,601,202,6011,0.004991680532445923,0.14853956277491312,depleted,Low cross-weight c
GO:0098796,membrane protein complex,cellular_component,2.051044526097066e-06,0.00016439121876667983,3.7841213847462694,5.6880249114364325,9,601,306,6011,0.014975041597337771,0.29416658510325927,depleted,Low cross-weight c
GO:0070013,intracellular organelle lumen,cellular_component,7.976350173264813e-06,0.0005657561649444024,3.2473707049176483,5.098195788124392,9,601,291,6011,0.014975041597337771,0.30932981113950975,depleted,Low cross-weight c
GO:0043233,organelle lumen,cellular_component,7.976350173264813e-06,0.0005657561649444024,3.2473707049176483,5.098195788124392,9,601,291,6011,0.014975041597337771,0.30932981113950975,depleted,Low cross-weight c
GO:0031974,membrane-enclosed lumen,cellular_component,7.976350173264813e-06,0.0005657561649444024,3.2473707049176483,5.098195788124392,9,601,291,6011,0.014975041597337771,0.30932981113950975,depleted,Low cross-weight c
GO:0005789,endoplasmic reticulum membrane,cellular_component,1.988581276222658e-05,0.0012549983408602049,2.901356848330938,4.701456654065145,17,601,400,6011,0.028286189683860232,0.42507071547420966,depleted,Low cross-weight c
GO:0005886,plasma membrane,cellular_component,2.2602641979464297e-05,0.0014119162738375306,2.850191056038076,4.645840794036603,29,601,562,6011,0.048252911813643926,0.5161000941491346,depleted,Low cross-weight c
GO:1990234,transferase complex,cellular_component,3.352012552858487e-05,0.001990102267493391,2.701124605466244,4.474694363661402,18,601,405,6011,0.029950083194675542,0.44451839526714737,depleted,Low cross-weight c
GO:0005783,endoplasmic reticulum,cellular_component,3.964712234699776e-05,0.002269797754365622,2.644012837994553,4.401788329006479,31,601,576,6011,0.051580698835274545,0.5382839942688113,depleted,Low cross-weight c
GO:0005773,vacuole,cellular_component,0.0001409301463240424,0.00719461861647898,2.142992222873818,3.8509960971547477,13,601,313,6011,0.021630615640599003,0.41540457065699876,depleted,Low cross-weight c
GO:0140513,nuclear protein-containing complex,cellular_component,0.0001506916692912669,0.007548710808559402,2.122127212150386,3.8219107561846246,42,601,691,6011,0.06988352745424292,0.6079158951193259,depleted,Low cross-weight c
GO:0030427,site of polarized growth,cellular_component,0.0002026053560785997,0.009901719079085223,2.0042893991652884,3.693349077807754,11,601,277,6011,0.018302828618968387,0.39717798855097103,depleted,Low cross-weight c
GO:0099080,supramolecular complex,cellular_component,0.00020662268815603042,0.009976390635967372,2.001026553943749,3.6848219925938577,9,601,248,6011,0.014975041597337771,0.36296360903869895,depleted,Low cross-weight c
GO:0009277,fungal-type cell wall,cellular_component,0.00026411272839358573,0.012600378083777319,1.899616423355874,3.5782106683201746,2,601,127,6011,0.0033277870216306157,0.15750651800804433,depleted,Low cross-weight c
GO:0005618,cell wall,cellular_component,0.0002712965355141689,0.012866519125124638,1.8905389301135762,3.5665557521900664,2,601,129,6011,0.0033277870216306157,0.15506455648853978,depleted,Low cross-weight c
GO:0000323,lytic vacuole,cellular_component,0.00027401477680410465,0.012918990800499405,1.8887714110230445,3.562226016334934,11,601,273,6011,0.018302828618968387,0.40299744625867756,depleted,Low cross-weight c
GO:0030312,external encapsulating structure,cellular_component,0.0002800256870876084,0.013125180596533224,1.8818947121857592,3.5528021284837688,2,601,130,6011,0.0033277870216306157,0.1538717522078587,depleted,Low cross-weight c
GO:0030684,preribosome,cellular_component,0.000294203014896052,0.013709518397627072,1.8629778012955887,3.5313528810782033,4,601,164,6011,0.0066555740432612314,0.24394302179294672,depleted,Low cross-weight c
GO:0005774,vacuolar membrane,cellular_component,0.0003570318269201318,0.01635205767294204,1.78642758980637,3.4472930678102394,12,601,285,6011,0.019966722129783693,0.42112269025308696,depleted,Low cross-weight c
GO:0005934,cellular bud tip,cellular_component,0.0003799559142884471,0.017063990721586618,1.7679193937028395,3.420266790993628,1,601,103,6011,0.0016638935108153079,0.09710353294670694,depleted,Low cross-weight c
GO:0000324,fungal-type vacuole,cellular_component,0.0003799711061647169,0.017063990721586618,1.7679193937028395,3.420249426831394,11,601,272,6011,0.018302828618968387,0.4044790545169815,depleted,Low cross-weight c
GO:0000322,storage vacuole,cellular_component,0.0003799711061647169,0.017063990721586618,1.7679193937028395,3.420249426831394,11,601,272,6011,0.018302828618968387,0.4044790545169815,depleted,Low cross-weight c
GO:0015934,large ribosomal subunit,cellular_component,0.00038535025834150695,0.017063990721586618,1.7679193937028395,3.4141443455238183,2,601,123,6011,0.0033277870216306157,0.1626286811952978,depleted,Low cross-weight c
GO:0005759,mitochondrial matrix,cellular_component,0.0005022867751227051,0.021761235149235034,1.6623164580881278,3.2990482563752774,3,601,140,6011,0.004991680532445923,0.2143213691466603,depleted,Low cross-weight c
GO:0005856,cytoskeleton,cellular_component,0.0008695394442688649,0.034331815989236215,1.4643032238610088,3.0607107126379596,2,601,118,6011,0.0033277870216306157,0.16951972700865792,depleted,Low cross-weight c
GO:0098798,mitochondrial protein-containing complex,cellular_component,0.0011944406257122378,0.045073357002793815,1.3460800950575893,2.922835433663309,4,601,148,6011,0.0066555740432612314,0.2703152403651572,depleted,Low cross-weight c
GO:0000139,Golgi membrane,cellular_component,0.0013264648850813392,0.04789016240507628,1.319753690175833,2.877304242415358,6,601,176,6011,0.009983361064891847,0.34096581455150504,depleted,Low cross-weight c
GO:0005730,nucleolus,cellular_component,0.0014041062112468113,0.049143717393638396,1.3085319951395815,2.8526000394898574,13,601,278,6011,0.021630615640599003,0.4677037072505058,depleted,Low cross-weight c
GO:0005488,binding,molecular_function,1.7705963134620068e-71,1.7739161815497479e-68,67.75106690465672,70.75188044435495,158,601,3632,6011,0.2628951747088186,0.4350944094644022,depleted,Low cross-weight c
GO:0005515,protein binding,molecular_function,3.7652163535079005e-35,2.321400697951217e-32,31.634249889320323,34.42421006370365,122,601,2593,6011,0.20299500831946754,0.470575779023648,depleted,Low cross-weight c
GO:0003824,catalytic activity,molecular_function,8.581616896348388e-26,4.29885371401452e-23,22.366647333268016,25.066430877302256,111,601,2242,6011,0.18469217970049917,0.49517604468318493,depleted,Low cross-weight c
GO:0036094,small molecule binding,molecular_function,4.8621053396025144e-21,2.164987460939675e-18,17.664544614627232,20.31317563621409,59,601,1456,6011,0.09816971713810316,0.4052872044760564,depleted,Low cross-weight c
GO:0043167,ion binding,molecular_function,5.953486342942168e-19,2.272247287556261e-16,15.643544406333813,18.22522863829006,58,601,1387,6011,0.09650582362728785,0.4182382882650521,depleted,Low cross-weight c
GO:0003676,nucleic acid binding,molecular_function,2.1903677868886784e-12,4.74481021943588e-10,9.323781153584434,11.659482956207604,51,601,1099,6011,0.08485856905158069,0.4641354491074173,depleted,Low cross-weight c
GO:0005198,structural molecule activity,molecular_function,2.6312390956425053e-12,5.549837197782811e-10,9.255719756542476,11.579839686615829,4,601,359,6011,0.0066555740432612314,0.11143915201683359,depleted,Low cross-weight c
GO:0043169,cation binding,molecular_function,4.847704852064497e-10,7.47199122871095e-08,7.126563646591221,9.314463829646586,29,601,719,6011,0.048252911813643926,0.4034050805449425,depleted,Low cross-weight c
GO:0046872,metal ion binding,molecular_function,9.90517272480828e-10,1.3687924032644545e-07,6.863662413774878,9.004137946902103,28,601,697,6011,0.04658901830282862,0.4017885064825005,depleted,Low cross-weight c
GO:0043168,anion binding,molecular_function,1.21658901384948e-09,1.652705245085353e-07,6.781804594612098,8.914856109660118,34,601,777,6011,0.056572379367720464,0.43765324630549257,depleted,Low cross-weight c
GO:0003723,RNA binding,molecular_function,4.8340863440873716e-09,5.697823830567689e-07,6.244290982719411,8.315685596703338,20,601,556,6011,0.033277870216306155,0.35977208250038906,depleted,Low cross-weight c
GO:1901363,heterocyclic compound binding,molecular_function,1.9579586375251624e-08,2.1206808756438078e-06,5.673524680080496,7.708196487039684,34,601,737,6011,0.056572379367720464,0.46140647541298196,depleted,Low cross-weight c
GO:0046914,transition metal ion binding,molecular_function,5.666185059088547e-08,5.82236836520445e-06,5.2349003214127015,7.246709245412385,24,601,582,6011,0.03993344425956739,0.412439748186013,depleted,Low cross-weight c
GO:0016787,hydrolase activity,molecular_function,6.690355924581967e-08,6.7877471817119585e-06,5.168274341904181,7.174550777303903,44,601,851,6011,0.07321131447587355,0.5171248076550833,depleted,Low cross-weight c
GO:0000166,nucleotide binding,molecular_function,1.0523665071833076e-07,1.0358582799967812e-05,4.984699658128926,6.9778329823052045,32,601,686,6011,0.05324459234608985,0.4665499192308252,depleted,Low cross-weight c
GO:1901265,nucleoside phosphate binding,molecular_function,1.059767672610556e-07,1.0358582799967812e-05,4.984699658128926,6.974789332435372,32,601,687,6011,0.05324459234608985,0.46587080726687935,depleted,Low cross-weight c
GO:0003735,structural constituent of ribosome,molecular_function,1.0757719136044274e-07,1.0388327575348778e-05,4.983454364209914,6.968279798524003,2,601,209,6011,0.0033277870216306157,0.09570970233024705,depleted,Low cross-weight c
GO:0008270,zinc ion binding,molecular_function,5.202282707790587e-07,4.792677689993283e-05,4.319421776550472,6.283806050622017,23,601,537,6011,0.03826955074875208,0.42837666583007217,depleted,Low cross-weight c
GO:0016740,transferase activity,molecular_function,8.016828613627338e-07,7.139431259802567e-05,4.146336383541387,6.095997400792226,48,601,862,6011,0.07986688851913477,0.5569372005667275,depleted,Low cross-weight c
GO:0017076,purine nucleotide binding,molecular_function,9.798393487600509e-07,8.354694021608305e-05,4.078069450876565,6.0088451239670295,30,601,626,6011,0.04991680532445923,0.4793129661426908,depleted,Low cross-weight c
GO:0032555,purine ribonucleotide binding,molecular_function,5.779210146208461e-06,0.00042889230853574833,3.3676517420342633,5.2381315132374775,29,601,583,6011,0.048252911813643926,0.4975098677732653,depleted,Low cross-weight c
GO:0035639,purine ribonucleoside triphosphate binding,molecular_function,7.613595286140688e-06,0.0005547542383492511,3.2558993710524016,5.11841021258434,29,601,577,6011,0.048252911813643926,0.502683280609729,depleted,Low cross-weight c
GO:0032553,ribonucleotide binding,molecular_function,8.123052577850524e-06,0.0005711076001006311,3.243282060357372,5.090280735711063,31,601,603,6011,0.051580698835274545,0.5141817258687152,depleted,Low cross-weight c
GO:0005215,transporter activity,molecular_function,9.799498232732403e-06,0.0006713075071397453,3.17307849613232,5.008796161076322,19,601,436,6011,0.03161397670549085,0.43585232563464565,depleted,Low cross-weight c
GO:0097367,carbohydrate derivative binding,molecular_function,1.2656535014350226e-05,0.0008383646953720418,3.076567018680889,4.897685175054603,32,601,612,6011,0.05324459234608985,0.5229628179613498,depleted,Low cross-weight c
GO:0140096,"catalytic activity, acting on a protein",molecular_function,3.546860950979371e-05,0.0020663963131765874,2.684786381693669,4.450155837016095,32,601,592,6011,0.05324459234608985,0.5406304807303144,depleted,Low cross-weight c
GO:0022857,transmembrane transporter activity,molecular_function,3.5578626477650535e-05,0.0020663963131765874,2.684786381693669,4.448810821982596,17,601,390,6011,0.028286189683860232,0.43596996458893295,depleted,Low cross-weight c
GO:0140110,transcription regulator activity,molecular_function,4.156620100761635e-05,0.0023461485991270775,2.629644484233663,4.38125966654077,9,601,269,6011,0.014975041597337771,0.3346281600059381,depleted,Low cross-weight c
GO:0030554,adenyl nucleotide binding,molecular_function,8.275251543926528e-05,0.00438259847712655,2.358268316513768,4.082218796044223,29,601,538,6011,0.048252911813643926,0.5391231466762335,depleted,Low cross-weight c
GO:0003729,mRNA binding,molecular_function,0.00010667141210639545,0.005588048157076859,2.2527398598480084,3.9719519557205736,8,601,240,6011,0.013311148086522463,0.3333887964503605,depleted,Low cross-weight c
GO:0016874,ligase activity,molecular_function,0.00011572852952621288,0.00598428493001675,2.2229877365693884,3.9365595650892606,1,601,114,6011,0.0016638935108153079,0.08773389380272645,depleted,Low cross-weight c
GO:0016491,oxidoreductase activity,molecular_function,0.000149569615546977,0.0075396255887359796,2.1226502202818525,3.8251566226515648,12,601,300,6011,0.019966722129783693,0.4000665557404326,depleted,Low cross-weight c
GO:0003677,DNA binding,molecular_function,0.00017651324385929977,0.008733047219335108,2.0588341916174073,3.7532227037649397,29,601,524,6011,0.048252911813643926,0.5535272002133849,depleted,Low cross-weight c
GO:0030234,enzyme regulator activity,molecular_function,0.00030208897894430116,0.013995625238373258,1.8540076951606643,3.5198651187220324,15,601,328,6011,0.024958402662229616,0.4573931658617751,depleted,Low cross-weight c
GO:0044877,protein-containing complex binding,molecular_function,0.00038533713450326717,0.017063990721586618,1.7679193937028395,3.414159136502839,8,601,223,6011,0.013311148086522463,0.3588040858658588,depleted,Low cross-weight c
GO:0032559,adenyl ribonucleotide binding,molecular_function,0.00041444702321914115,0.018251609291766023,1.738698836647471,3.3825309753525596,28,601,495,6011,0.04658901830282862,0.5657506848854603,depleted,Low cross-weight c
GO:0000976,transcription cis-regulatory region binding,molecular_function,0.0006564494224823962,0.027691800637875817,1.5576488036741396,3.1827987294114743,5,601,171,6011,0.008319467554076539,0.2924463126757548,depleted,Low cross-weight c
GO:0005524,ATP binding,molecular_function,0.0006764495460015384,0.028238245370845474,1.549162292373561,3.169764590360175,28,601,489,6011,0.04658901830282862,0.5726924110803738,depleted,Low cross-weight c
GO:0001067,transcription regulatory region nucleic acid binding,molecular_function,0.0006829391660298826,0.02836143738719953,1.547271762434315,3.165617980116705,5,601,173,6011,0.008319467554076539,0.2890654304482895,depleted,Low cross-weight c
GO:0098772,molecular function regulator activity,molecular_function,0.0006996686923035251,0.028906415303158527,1.5390057620333941,3.1551075587933317,21,601,399,6011,0.03494176372712146,0.5264033628163586,depleted,Low cross-weight c
GO:0042578,phosphoric ester hydrolase activity,molecular_function,0.0007140949547443572,0.029201382970796035,1.5345965799775203,3.146244035311208,3,601,135,6011,0.004991680532445923,0.22225919763357369,depleted,Low cross-weight c
GO:0140098,"catalytic activity, acting on RNA",molecular_function,0.000853567730756776,0.03386804634661168,1.4702098545911846,3.0687620118347243,12,601,272,6011,0.019966722129783693,0.4412498776548889,depleted,Low cross-weight c
GO:0019899,enzyme binding,molecular_function,0.0009603013129469158,0.03754543913790014,1.4254428117235904,3.017592477358,6,601,181,6011,0.009983361064891847,0.3315468693981486,depleted,Low cross-weight c
GO:0008092,cytoskeletal protein binding,molecular_function,0.0011978321948340714,0.045073357002793815,1.3460800950575893,2.921604018309015,2,601,112,6011,0.0033277870216306157,0.17860114095555027,depleted,Low cross-weight c
GO:0140101,"catalytic activity, acting on a tRNA",molecular_function,0.0012240082436714398,0.04584311249077846,1.3387259038748438,2.9122156572158167,2,601,113,6011,0.0033277870216306157,0.17702059988514718,depleted,Low cross-weight c
GO:0005525,GTP binding,molecular_function,0.0012540084058748292,0.046080981000475967,1.3364782839564049,2.9016995523308062,1,601,92,6011,0.0016638935108153079,0.10871373797294365,depleted,Low cross-weight c
GO:0032561,guanyl ribonucleotide binding,molecular_function,0.0012540084058748292,0.046080981000475967,1.3364782839564049,2.9016995523308062,1,601,92,6011,0.0016638935108153079,0.10871373797294365,depleted,Low cross-weight c
GO:0019001,guanyl nucleotide binding,molecular_function,0.0012540084058748292,0.046080981000475967,1.3364782839564049,2.9016995523308062,1,601,92,6011,0.0016638935108153079,0.10871373797294365,depleted,Low cross-weight c
GO:1990837,sequence-specific double-stranded DNA binding,molecular_function,0.0013116007611467385,0.04756778326059326,1.3226870869682412,2.882198339973294,9,601,223,6011,0.014975041597337771,0.4036545965990912,depleted,Low cross-weight c
GO:0042802,identical protein binding,molecular_function,0.0013461978877718542,0.04801818250487151,1.31859428207664,2.8708910952008653,7,601,191,6011,0.011647254575707155,0.3665531269873074,depleted,Low cross-weight c
GO:0003700,DNA-binding transcription factor activity,molecular_function,0.0013588967811092026,0.04819273318845247,1.3170184425512,2.8668135300939626,6,601,179,6011,0.009983361064891847,0.3352513036930999,depleted,Low cross-weight c
