GO_id,term,namespace,n_annotated,n_background,mean_c_ann,mean_c_all,rank_biserial,U_stat,p_two,direction,p_fdr,neg_log10_fdr,neg_log10_p
GO:0043226,organelle,cellular_component,4197,6011,0.7960352205456278,0.7630574372600233,0.3153046264210877,5006942.5,3.9559416466062317e-84,high_c,1.6773192581610423e-81,80.77538426663577,83.4027501232285
GO:0009058,biosynthetic process,biological_process,1299,6011,0.8223811565357968,0.7630574372600233,0.26581714940707957,3873962.5,7.399774461897742e-49,high_c,1.5687521859223213e-46,45.80444565602216,48.13078151695091
GO:0005737,cytoplasm,cellular_component,2370,6011,0.8034325537299577,0.7630574372600233,0.21664644455955795,5249324.5,7.257691736049041e-46,high_c,1.025753765361598e-43,42.98895688013949,45.13920148201256
GO:0032991,protein-containing complex,cellular_component,2030,6011,0.8070376535763547,0.7630574372600233,0.2047627709452411,4868103.0,1.1752485287576376e-38,high_c,1.2457634404830959e-36,35.904564418548915,37.929870283813685
GO:0043232,intracellular membraneless organelle,cellular_component,959,6011,0.8201659385088634,0.7630574372600233,0.23062423991737235,2981106.0,8.355167130128849e-30,high_c,7.085181726349264e-28,27.149649006145022,29.07804485840174
GO:0005829,cytosol,cellular_component,1002,6011,0.8167713013173653,0.7630574372600233,0.2217573238430306,3066011.0,1.2852539871041055e-28,high_c,9.082461508869012e-27,26.041796433985063,27.89101104019415
GO:0044281,small molecule metabolic process,biological_process,629,6011,0.8275477241176469,0.7630574372600233,0.265350733381424,2141782.0,1.0782205956985864e-27,high_c,6.53093617966001e-26,25.18502456014629,26.967292376724764
GO:0005198,structural molecule activity,molecular_function,359,6011,0.8443843064902508,0.7630574372600233,0.29618869352826027,1315027.5,4.313670841413868e-21,high_c,2.2862455459493496e-19,18.640877127604757,20.365152997205545
GO:0043167,ion binding,molecular_function,1387,6011,0.802386021521269,0.7630574372600233,0.16590348340871608,3738754.0,6.267043390486895e-21,high_c,2.952473775073826e-19,18.529813951255957,20.202937298409363
GO:0006520,amino acid metabolic process,biological_process,200,6011,0.852016299,0.7630574372600233,0.3769549130958527,800148.5,1.108046255343959e-19,high_c,4.698116122658386e-18,17.3280762530317,18.955442109624432
GO:0003723,RNA binding,molecular_function,556,6011,0.8209004095683453,0.7630574372600233,0.2259292840704521,1859109.5,1.5039934518883013e-18,high_c,5.797211123642179e-17,16.236780883144288,17.822754054578798
GO:0002181,cytoplasmic translation,biological_process,131,6011,0.8794978607633587,0.7630574372600233,0.44720101781170474,557375.0,1.826377344818466e-18,high_c,6.453199951691913e-17,16.19022487811756,17.73840948866267
GO:0006412,translation,biological_process,260,6011,0.8514367285769231,0.7630574372600233,0.3205315463531426,987269.0,2.0325804974419604e-18,high_c,6.629339468579932e-17,16.17852974149593,17.691952245781827
GO:1990904,ribonucleoprotein complex,cellular_component,496,6011,0.8246452298790322,0.7630574372600233,0.2307010937911269,1683254.5,1.549146703489597e-17,high_c,4.691701444854209e-16,15.328669631888507,16.809907452803003
GO:0005739,mitochondrion,cellular_component,1105,6011,0.8060133465067874,0.7630574372600233,0.16059659148553895,3145872.5,6.666570809025258e-17,high_c,1.884417348684473e-15,14.724822906130232,16.176097503667282
GO:0005840,ribosome,cellular_component,202,6011,0.8571389169306931,0.7630574372600233,0.34421152564559265,788661.0,8.140949463252518e-17,high_c,2.157351607761917e-15,14.666079067291337,16.089324941228146
GO:0003735,structural constituent of ribosome,molecular_function,209,6011,0.8557423138277512,0.7630574372600233,0.33584195517467164,809933.0,1.4412574402832207e-16,high_c,3.59466561576521e-15,14.444341502494508,15.841258437708966
GO:0055086,nucleobase-containing small molecule metabolic process,biological_process,218,6011,0.83710295646789,0.7630574372600233,0.30215682641340313,822230.0,3.3218087791943124e-14,high_c,7.824705124324381e-13,12.106532019952986,13.478625371442414
GO:0022625,cytosolic large ribosomal subunit,cellular_component,75,6011,0.8922309757333333,0.7630574372600233,0.49603773584905664,333018.0,1.4317122474899257e-13,high_c,3.194978910188045e-12,11.49553200424085,12.844144259880753
GO:0005634,nucleus,cellular_component,2040,6011,0.7907801126862745,0.7630574372600233,0.11604784195219264,4520462.5,1.603956981737263e-13,high_c,3.4003888012829974e-12,11.46847142278187,12.794807283710622
GO:0015934,large ribosomal subunit,cellular_component,123,6011,0.8652773797560975,0.7630574372600233,0.370379882467303,496231.0,1.908866867778081e-12,high_c,3.8540931044662206e-11,10.414077798173684,11.719224360032499
GO:0006364,rRNA processing,biological_process,276,6011,0.830187464673913,0.7630574372600233,0.24725117824697063,987112.0,3.68412998789151e-12,high_c,7.10032324939091e-11,10.148721879135698,11.433665054906225
GO:0009056,catabolic process,biological_process,865,6011,0.8038163999306357,0.7630574372600233,0.14486542103525046,2548064.0,8.644086180827086e-12,high_c,1.5935184959437758e-10,9.797642891311867,11.063280911887006
GO:0016491,oxidoreductase activity,molecular_function,300,6011,0.8212827188000001,0.7630574372600233,0.23002393042666203,1053700.0,1.7470799296450847e-11,high_c,3.0865078757063167e-10,9.51053261052534,10.757687225406467
GO:0003729,mRNA binding,molecular_function,240,6011,0.8287395862916667,0.7630574372600233,0.24981155778894482,865519.5,5.120083737185952e-11,high_c,8.683662018267376e-10,9.061297088310425,10.290722936231122
GO:0065003,protein-containing complex assembly,biological_process,526,6011,0.8090007485551332,0.7630574372600233,0.16225863138667163,1676622.0,7.433474197117679e-10,high_c,1.2122280998376522e-08,7.9164156531234084,9.128808161745324
GO:0016874,ligase activity,molecular_function,114,6011,0.8503091072807017,0.7630574372600233,0.33003102975345766,447062.0,1.4972449601668161e-09,high_c,2.3512291226323338e-08,7.628705047673709,8.824707140107455
GO:0005618,cell wall,cellular_component,129,6011,0.8432162275968992,0.7630574372600233,0.3024692334253234,494142.5,3.96707502254551e-09,high_c,6.007285034140343e-08,7.2213217611244795,8.401529586374993
GO:0006457,protein folding,biological_process,136,6011,0.8407851577205881,0.7630574372600233,0.2915244055068835,515964.0,5.84966367730253e-09,high_c,8.552611721297493e-08,7.067901243991645,8.232869102685422
GO:0030312,external encapsulating structure,cellular_component,130,6011,0.8419502947692307,0.7630574372600233,0.29643964265627254,495583.5,7.036291634438045e-09,high_c,9.788792250178604e-08,7.009270888527754,8.152656168560457
GO:0016787,hydrolase activity,molecular_function,851,6011,0.7970719522796709,0.7630574372600233,0.12363134114903573,2467022.5,7.156899994234357e-09,high_c,9.788792250178604e-08,7.009270888527754,8.145275051286214
GO:0030684,preribosome,cellular_component,164,6011,0.8318573985365854,0.7630574372600233,0.2545770814301267,601512.0,2.5658434167556425e-08,high_c,3.3997425272012265e-07,6.468553972148873,7.5907698504217
GO:0005730,nucleolus,cellular_component,278,6011,0.815180428561151,0.7630574372600233,0.1929897212528251,950678.0,5.254225157489848e-08,high_c,6.750883232653623e-07,6.170639403765403,7.279491320480249
GO:0022607,cellular component assembly,biological_process,886,6011,0.7975308017832958,0.7630574372600233,0.11417188790398058,2529588.0,5.4897536909983275e-08,high_c,6.846045779362621e-07,6.164560201070461,7.260447140620939
GO:0010494,cytoplasmic stress granule,cellular_component,101,6011,0.8368637993069306,0.7630574372600233,0.3108408302759209,391227.0,8.110691496219358e-08,high_c,9.82552341256288e-07,6.007644305162908,7.0909421174053655
GO:0051082,unfolded protein binding,molecular_function,81,6011,0.8462375083950617,0.7630574372600233,0.3381966564653467,321388.0,1.6422259930045887e-07,high_c,1.934177280649849e-06,5.71350372235258,6.784567078178025
GO:0016740,transferase activity,molecular_function,862,6011,0.7956656857424594,0.7630574372600233,0.10983413534220832,2462965.0,2.354078626907826e-07,high_c,2.697646858943022e-06,5.569014903163139,6.628179035688876
GO:0006790,sulfur compound metabolic process,biological_process,117,6011,0.8366225929914528,0.7630574372600233,0.27074469473519347,438151.5,5.104369580762924e-07,high_c,5.695401848009158e-06,5.244475628175572,6.292057888151494
GO:0006810,transport,biological_process,1207,6011,0.7916845889312345,0.7630574372600233,0.09277824955315483,3168198.0,6.019603730676713e-07,high_c,6.544389696940837e-06,5.18413084775483,6.220432097321063
GO:0022618,protein-RNA complex assembly,biological_process,184,6011,0.8194426999999999,0.7630574372600233,0.21493459980152374,651307.0,6.643856429350554e-07,high_c,7.0424878151115876e-06,5.152273895756371,6.177579761021142
GO:0022627,cytosolic small ribosomal subunit,cellular_component,59,6011,0.8647377861016949,0.7630574372600233,0.3679777200656096,240195.0,1.1098037299699544e-06,high_c,1.1476994670908796e-05,4.940171820014105,5.954753819887102
GO:0016020,membrane,cellular_component,2038,6011,0.7835550269430815,0.7630574372600233,0.07640261658244185,4357802.0,1.195013702617444e-06,high_c,1.2063947854995148e-05,4.918510548657392,5.922627114852224
GO:0003924,GTPase activity,molecular_function,85,6011,0.8449154695294118,0.7630574372600233,0.30169541998372074,327838.5,1.7263276214338135e-06,high_c,1.6942828642119438e-05,4.771014081543051,5.762876780649372
GO:0051169,nuclear transport,biological_process,173,6011,0.8195150026011562,0.7630574372600233,0.21267775210054918,612386.5,1.801702243463057e-06,high_c,1.6942828642119438e-05,4.771014081543051,5.744316980674288
GO:0006091,generation of precursor metabolites and energy,biological_process,152,6011,0.8259892157894736,0.7630574372600233,0.22629602680536465,546050.0,1.8381370696639012e-06,high_c,1.6942828642119438e-05,4.771014081543051,5.735622106454209
GO:0006913,nucleocytoplasmic transport,biological_process,173,6011,0.8195150026011562,0.7630574372600233,0.21267775210054918,612386.5,1.801702243463057e-06,high_c,1.6942828642119438e-05,4.771014081543051,5.744316980674288
GO:0005832,chaperonin-containing T-complex,cellular_component,8,6011,0.9752520025,0.7630574372600233,0.9630184907546226,47136.0,2.426940715249786e-06,high_c,2.1894103473742752e-05,4.659672833727304,5.614940832384319
GO:0000054,ribosomal subunit export from nucleus,biological_process,67,6011,0.8583668529850748,0.7630574372600233,0.32553584700990346,263946.0,4.4525374979141596e-06,high_c,3.933074789824174e-05,4.405267795136371,5.3513924143535165
GO:0015935,small ribosomal subunit,cellular_component,94,6011,0.8443689710638299,0.7630574372600233,0.27225556366617654,353813.0,5.742573763307931e-06,high_c,4.9690842360052297e-05,4.303723641024206,5.240893417588425
GO:0101031,protein folding chaperone complex,cellular_component,10,6011,0.9500823620000001,0.7630574372600233,0.8096983836027329,54300.0,9.390571719393529e-06,high_c,7.963204818045713e-05,4.098912113835079,5.027307966091793
GO:0005886,plasma membrane,cellular_component,562,6011,0.795086924519573,0.7630574372600233,0.1132118662276993,1704515.5,9.619165682454314e-06,high_c,7.997110292863978e-05,4.097066914330129,5.016862594824925
GO:0030163,protein catabolic process,biological_process,278,6011,0.8101695050719424,0.7630574372600233,0.15660564170327795,921684.0,1.0034993231202079e-05,high_c,8.182379096210926e-05,4.08712040315853,4.998482916116464
GO:0005975,carbohydrate metabolic process,biological_process,192,6011,0.8154461618750001,0.7630574372600233,0.18504038494586705,661992.0,1.2476898765007107e-05,high_c,9.981519012005686e-05,4.000803361685355,4.903893348677298
GO:0006950,response to stress,biological_process,845,6011,0.7934447814319527,0.7630574372600233,0.0926167224478669,2384783.5,1.5420128192242782e-05,high_c,0.00012107656210205443,3.9169399190774086,4.811912015847173
GO:0032787,monocarboxylic acid metabolic process,biological_process,135,6011,0.825202451037037,0.7630574372600233,0.2156430426341931,482160.5,1.7839881909292474e-05,high_c,0.00013752927144618197,3.861604857654702,4.7486080247531905
GO:0005773,vacuole,cellular_component,313,6011,0.8058849124920128,0.7630574372600233,0.13986635072897058,1016461.0,3.0127953794072654e-05,high_c,0.00022811165015512152,3.641852533798853,4.521030363385385
GO:0005576,extracellular region,cellular_component,68,6011,0.8365643636764705,0.7630574372600233,0.2930882600389979,261284.0,3.154572145335392e-05,high_c,0.0002346558929161765,3.6295685348721465,4.501059535792388
GO:0098803,respiratory chain complex,cellular_component,39,6011,0.8654882202564104,0.7630574372600233,0.36977690762017623,159516.0,6.70906096217132e-05,high_c,0.0004741069746601066,3.3241236556616025,4.173338261870692
GO:0034515,proteasome storage granule,cellular_component,20,6011,0.8857021279999999,0.7630574372600233,0.5156401268569522,90802.0,6.689011292572268e-05,high_c,0.0004741069746601066,3.3241236556616025,4.1746380708588955
GO:0016829,lyase activity,molecular_function,112,6011,0.820223518125,0.7630574372600233,0.21968009105659547,402914.0,6.642175693922788e-05,high_c,0.0004741069746601066,3.3241236556616025,4.177689640949015
GO:0006418,tRNA aminoacylation for protein translation,biological_process,37,6011,0.8656864099999998,0.7630574372600233,0.3753110324921507,151998.0,8.094551595637464e-05,high_c,0.0005626376846803745,3.2497711827633657,4.091807204345331
GO:0030427,site of polarized growth,cellular_component,277,6011,0.8073042860649821,0.7630574372600233,0.1396282104717066,905046.0,8.463137390597766e-05,high_c,0.0005787693957441053,3.2374944416353433,4.072468608729822
GO:0030686,90S preribosome,cellular_component,81,6011,0.8324394586419753,0.7630574372600233,0.2524098015947369,300785.0,9.317052130356546e-05,high_c,0.0006270523973446311,3.20269616741991,4.030721474559061
GO:0005783,endoplasmic reticulum,cellular_component,576,6011,0.7950980414236111,0.7630574372600233,0.09849803230093013,1719457.0,9.899787985773397e-05,high_c,0.0006558609540574875,3.183188223560741,4.004374106169586
GO:0005856,cytoskeleton,cellular_component,118,6011,0.8272705466949153,0.7630574372600233,0.20645580651563034,419469.0,0.0001201695240613764,high_c,0.0007838750492619014,3.1057531589237586,3.9202056588736354
GO:0006325,chromatin organization,biological_process,335,6011,0.8022816379701492,0.7630574372600233,0.12450275051802295,1069098.5,0.00012553505820064076,high_c,0.0008064676466222982,3.0934130506869795,3.9012349717378436
GO:0140318,protein transporter activity,molecular_function,40,6011,0.85768804175,0.7630574372600233,0.33592363088259924,159536.0,0.0002451787429769812,high_c,0.001551578910779702,2.809226132007175,3.6105171858990817
GO:0005839,proteasome core complex,cellular_component,15,6011,0.8945250626666666,0.7630574372600233,0.5462085835001111,69533.0,0.00025307773605807147,high_c,0.001578014118950328,2.801889115350435,3.5967460592369314
GO:0006979,response to oxidative stress,biological_process,123,6011,0.8152810360162601,0.7630574372600233,0.19068133616118765,431160.0,0.00028910494190722663,high_c,0.0017765289183864362,2.750427718659632,3.5389444845151092
GO:0030687,"preribosome, large subunit precursor",cellular_component,58,6011,0.8376508017241379,0.7630574372600233,0.2726877784020807,219713.0,0.000344558818284617,high_c,0.0020870419850382515,2.680468814141528,3.462736630720004
GO:0070925,organelle assembly,biological_process,115,6011,0.8179442102608696,0.7630574372600233,0.19082207539378215,403712.5,0.0004481483614051212,high_c,0.0026762662709263574,2.5724706793043985,3.348578187178056
GO:0042594,response to starvation,biological_process,150,6011,0.8091553959333333,0.7630574372600233,0.16672922709435256,512865.0,0.0004791704970903049,high_c,0.0028217818161984623,2.5494765694917643,3.319509929653228
GO:0042273,ribosomal large subunit biogenesis,biological_process,60,6011,0.8331241954999999,0.7630574372600233,0.2610261580686719,225131.0,0.0004936395341003826,high_c,0.0028671666090214,2.54254706977543,3.306590066247707
GO:0000786,nucleosome,cellular_component,12,6011,0.9053101241666668,0.7630574372600233,0.5737345113074401,56645.0,0.0005847306013434745,high_c,0.0033503483104004484,2.4749100403000295,3.233044177161786
GO:0005654,nucleoplasm,cellular_component,168,6011,0.8074601347619047,0.7630574372600233,0.15512864396143544,566951.0,0.0005962625286540349,high_c,0.0033708708286574775,2.472257889269626,3.2245624824706587
GO:0005732,sno(s)RNA-containing ribonucleoprotein complex,cellular_component,31,6011,0.8578107803225805,0.7630574372600233,0.35363038083935705,125468.0,0.000671034992000926,high_c,0.0036950498260830207,2.4323797009641455,3.173254832384396
GO:0000221,"vacuolar proton-transporting V-type ATPase, V1 domain",cellular_component,7,6011,0.9356436985714286,0.7630574372600233,0.7428381079280479,36624.0,0.0006695897750732397,high_c,0.0036950498260830207,2.4323797009641455,3.1741911868295736
GO:0045254,pyruvate dehydrogenase complex,cellular_component,5,6011,0.9539529579999998,0.7630574372600233,0.8722610722610722,28112.0,0.0007343104644278485,high_c,0.003991636370735996,2.398849028851545,3.134120282753797
GO:0006310,DNA recombination,biological_process,222,6011,0.73923811490991,0.7630574372600233,-0.1320888170948631,557701.5,0.0008228994230139821,low_c,0.004416574118454791,2.3549144768843098,3.0846532421866013
GO:0006413,translational initiation,biological_process,59,6011,0.8302810118644067,0.7630574372600233,0.2487413431747767,219259.0,0.0009923177041597081,high_c,0.0052592838320464535,2.2790733906306793,3.0033492602314684
GO:0008219,cell death,biological_process,24,6011,0.8703845295833333,0.7630574372600233,0.387019096932242,99649.0,0.0010488963668412103,high_c,0.005346647219936814,2.2719184703767845,2.9792674188916086
GO:0008540,"proteasome regulatory particle, base subcomplex",cellular_component,10,6011,0.901621041,0.7630574372600233,0.598366938843526,47959.0,0.0010592414303648406,high_c,0.005346647219936814,2.2719184703767845,2.9750050409076354
GO:0019843,rRNA binding,molecular_function,67,6011,0.8306876631343284,0.7630574372600233,0.2324280347923906,245406.0,0.0010509785027391317,high_c,0.005346647219936814,2.2719184703767845,2.9784061671660997
GO:0006399,tRNA metabolic process,biological_process,202,6011,0.8082539375742575,0.7630574372600233,0.1355032903875686,666210.0,0.0010422244831495195,high_c,0.005346647219936814,2.2719184703767845,2.982038728931832
GO:0016586,RSC-type complex,cellular_component,17,6011,0.8820853476470589,0.7630574372600233,0.4574967123986733,74258.0,0.0011054511328660711,high_c,0.005514250356884872,2.258513520031962,2.956460450910402
GO:0033290,eukaryotic 48S preinitiation complex,cellular_component,11,6011,0.8948777799999998,0.7630574372600233,0.5634242424242424,51593.0,0.001223659323315916,high_c,0.005988190403789268,2.22270439904369,2.9123394764697856
GO:0051604,protein maturation,biological_process,95,6011,0.8166293532631577,0.7630574372600233,0.19300380769367642,335246.0,0.001228708880022798,high_c,0.005988190403789268,2.22270439904369,2.9105510030178037
GO:0031428,box C/D methylation guide snoRNP complex,cellular_component,6,6011,0.9336925750000001,0.7630574372600233,0.7499306133777408,31525.0,0.0014741964295956272,high_c,0.007102946433506203,2.148561460524396,2.8314446449669597
GO:0006629,lipid metabolic process,biological_process,309,6011,0.801585355566343,0.7630574372600233,0.10693573707743487,975165.0,0.001520361972989629,high_c,0.007243072770197784,2.1400771514779278,2.8180530014257474
GO:0009451,RNA modification,biological_process,116,6011,0.8063754565517243,0.7630574372600233,0.1713696586821094,400503.0,0.001547780770962277,high_c,0.007291767187644504,2.1371672059983293,2.810290553151737
GO:0006811,monoatomic ion transport,biological_process,192,6011,0.80111511578125,0.7630574372600233,0.13075073752649358,631664.5,0.0020204028192889025,high_c,0.009413745004159282,2.026237569869063,2.694562034140702
GO:0034655,nucleobase-containing compound catabolic process,biological_process,209,6011,0.8008200343062201,0.7630574372600233,0.12504927355523332,682127.5,0.002097723069615892,high_c,0.009667767190403676,2.0146738163881355,2.678251845635313
GO:0005885,Arp2/3 protein complex,cellular_component,7,6011,0.9224579228571429,0.7630574372600233,0.6708860759493671,35112.0,0.0021246517713014276,high_c,0.009686584419696831,2.0138293322549203,2.6727122402937176
GO:0006414,translational elongation,biological_process,49,6011,0.8387886163265306,0.7630574372600233,0.25359248026617554,183111.0,0.0022001631980745865,high_c,0.009924140382804517,2.0033071010054164,2.6575451039984506
GO:0055085,transmembrane transport,biological_process,453,6011,0.7916363105960266,0.7630574372600233,0.0862376845578674,1367450.5,0.0022377875732451325,high_c,0.009987599274273012,2.000538890876481,2.650181142180366
GO:0008541,"proteasome regulatory particle, lid subcomplex",cellular_component,9,6011,0.9103458088888888,0.7630574372600233,0.582213336295309,42734.0,0.0025056685431819265,high_c,0.011066702732386842,1.955981755673662,2.6010763792268263
GO:0016853,isomerase activity,molecular_function,189,6011,0.7991103607936508,0.7630574372600233,0.12734673624402237,620242.5,0.002844809304391895,high_c,0.012435042732599625,1.9053527179533274,2.5459468402798153
GO:0019774,"proteasome core complex, beta-subunit complex",cellular_component,7,6011,0.9210562171428572,0.7630574372600233,0.6485676215856095,34643.0,0.002977773123282238,high_c,0.012883426574200704,1.889968613346484,2.5261083942467217
GO:0045333,cellular respiration,biological_process,69,6011,0.8222656769565218,0.7630574372600233,0.1979253557334426,245573.5,0.004640440111194244,high_c,0.01987420815299353,1.701710165898472,2.3334408278936545
GO:0019773,"proteasome core complex, alpha-subunit complex",cellular_component,7,6011,0.9122617171428572,0.7630574372600233,0.6173503378699914,33987.0,0.004697711537697071,high_c,0.01991829691983558,1.7007477979372951,2.3281136545300276
GO:0045275,respiratory chain complex III,cellular_component,8,6011,0.9099470275,0.7630574372600233,0.5754206230218224,37829.0,0.004851059567428083,high_c,0.020364844124648587,1.6911189097156736,2.3141633925257636
GO:0045259,proton-transporting ATP synthase complex,cellular_component,11,6011,0.8901001227272727,0.7630574372600233,0.4887575757575757,49129.0,0.005034654972115358,high_c,0.02092836968800894,1.6792646017176265,2.2980302865484417
GO:0008289,lipid binding,molecular_function,144,6011,0.809867610625,0.7630574372600233,0.13594634774539327,479851.0,0.00524992093656732,high_c,0.021611325020432462,1.6653186051009754,2.2798472369885356
GO:0030234,enzyme regulator activity,molecular_function,328,6011,0.7971430416158537,0.7630574372600233,0.09129013360342997,1017095.5,0.005366231882563895,high_c,0.021877714598145113,1.6599980474781955,2.2703305647721477
GO:0007165,signal transduction,biological_process,353,6011,0.79211644407932,0.7630574372600233,0.08571232590020195,1084232.5,0.006812087621292358,high_c,0.02750785858502819,1.5605432169859619,2.1667197745087563
GO:0071554,cell wall organization or biogenesis,biological_process,211,6011,0.7983644337914692,0.7630574372600233,0.10918614152639328,678711.0,0.006972010116520242,high_c,0.027627404573874605,1.5586599124844511,2.1566419913919743
GO:0006417,regulation of translation,biological_process,145,6011,0.8015380224137931,0.7630574372600233,0.13107445595306677,481029.0,0.006926619854433907,high_c,0.027627404573874605,1.5586599124844511,2.1594786465846068
GO:0032543,mitochondrial translation,biological_process,101,6011,0.8178358148514853,0.7630574372600233,0.1550183444740414,344721.0,0.007464665645040083,high_c,0.029305724384231433,1.533047539179604,2.126989640285387
GO:0042221,response to chemical,biological_process,383,6011,0.7929470030809398,0.7630574372600233,0.08126701442433482,1165348.5,0.007692907721480584,high_c,0.02992470526520888,1.5239701183592715,2.1139094770113807
GO:0016887,ATP hydrolysis activity,molecular_function,235,6011,0.7873839071063831,0.7630574372600233,0.10115444686744857,747331.5,0.00847407214843284,high_c,0.03266369628123204,1.4859346712922052,2.071907842726713
GO:0016791,phosphatase activity,molecular_function,116,6011,0.8108407875862069,0.7630574372600233,0.14100786756748862,390122.0,0.009194963106745212,high_c,0.03512310231765738,1.4544071311504558,2.036450008956531
GO:0031105,septin complex,cellular_component,8,6011,0.90055098125,0.7630574372600233,0.5309012160586373,36760.0,0.009354351892517578,high_c,0.03541290359310226,1.4508384628842579,2.028986296806809
GO:0033698,Rpd3L complex,cellular_component,16,6011,0.86736986625,0.7630574372600233,0.3693286071726438,65673.0,0.010615996263758759,high_c,0.0397201377961398,1.4009892535301474,1.9740392429911378
GO:0022857,transmembrane transporter activity,molecular_function,390,6011,0.7902534458717949,0.7630574372600233,0.07719084568399648,1180703.5,0.010679471011226268,high_c,0.0397201377961398,1.4009892535301474,1.9714502587864073
GO:0000136,mannan polymerase complex,cellular_component,7,6011,0.8835419071428572,0.7630574372600233,0.553392976111164,32643.0,0.01127145473806698,high_c,0.04155736355600347,1.3813520123515919,1.9480200285907128
GO:0032200,telomere organization,biological_process,82,6011,0.7274953906097561,0.7630574372600233,-0.1621134646158403,203681.0,0.011569639909969016,low_c,0.04228902863643848,1.3737722903243603,1.9366801576901744
GO:0016765,"transferase activity, transferring alkyl or aryl (other than methyl) groups",molecular_function,50,6011,0.8278169666,0.7630574372600233,0.20577084381815136,179690.0,0.012093137143591991,high_c,0.04382470212720516,1.3582810270870083,1.9174610219335793
GO:0005697,telomerase holoenzyme complex,cellular_component,8,6011,0.63501466625,0.7630574372600233,-0.5084541062801933,11803.0,0.012812489190514822,low_c,0.04603809675235835,1.3368826387136994,1.8923664880003066
GO:0000307,cyclin-dependent protein kinase holoenzyme complex,cellular_component,39,6011,0.8350497546153847,0.7630574372600233,0.2291033369399076,143134.0,0.01351782227178189,high_c,0.0481643415397943,1.3172743726266196,1.8690932678268215
GO:0043614,multi-eIF complex,cellular_component,10,6011,0.868462431,0.7630574372600233,0.44332611231461416,43307.0,0.015271171141696634,high_c,0.05395813803399477,1.267943045203127,1.8161276557482349
GO:0033263,CORVET complex,cellular_component,6,6011,0.6356205966666667,0.7630574372600233,-0.5617540938107133,7895.0,0.017227540808133282,low_c,0.060367581013624064,1.219196226390736,1.7637767126670187
GO:0000932,P-body,cellular_component,57,6011,0.8090330347368421,0.7630574372600233,0.18215676914826529,200599.0,0.017766322233735556,high_c,0.06124325713092582,1.2129417200578427,1.7504024652111776
GO:0006354,DNA-templated transcription elongation,biological_process,85,6011,0.805890715882353,0.7630574372600233,0.14969327589287484,289556.0,0.01763376740430862,high_c,0.06124325713092582,1.2129417200578427,1.7536548920053232
GO:0000118,histone deacetylase complex,cellular_component,56,6011,0.8228833053571429,0.7630574372600233,0.18185198512654432,197062.0,0.018984657930805143,high_c,0.06491528195694662,1.1876530522241646,1.7215972236546622
GO:0035267,NuA4 histone acetyltransferase complex,cellular_component,17,6011,0.8536925547058823,0.7630574372600233,0.32766099432766094,67643.0,0.01947082105924521,high_c,0.06604502503295974,1.1801598908746904,1.7106157344593667
GO:0030897,HOPS complex,cellular_component,7,6011,0.6593457714285714,0.7630574372600233,-0.503616636528029,10431.0,0.021098544756094247,low_c,0.07099827759193619,1.148752187075167,1.6757474985503367
GO:0006766,vitamin metabolic process,biological_process,44,6011,0.8322640738636365,0.7630574372600233,0.20046620046620056,157590.0,0.021761690780751717,high_c,0.07265320386644668,1.1387452293929576,1.6623073650297335
GO:0006366,transcription by RNA polymerase II,biological_process,63,6011,0.8177743493650793,0.7630574372600233,0.16716836925310363,218683.0,0.022261082330451782,high_c,0.07373983521962153,1.132297837211175,1.6524537241560393
GO:0043527,tRNA methyltransferase complex,cellular_component,6,6011,0.9020809816666667,0.7630574372600233,0.5333333333333334,27623.0,0.023740294298211877,high_c,0.07803011459257238,1.1077377552927783,1.624513901586262
GO:0008233,peptidase activity,molecular_function,111,6011,0.7998333784684685,0.7630574372600233,0.12470453504351808,368284.5,0.024176043272390212,high_c,0.07869161115013415,1.1040715627539097,1.6166147756662232
GO:0009311,oligosaccharide metabolic process,biological_process,24,6011,0.8381102383333333,0.7630574372600233,0.2659790657535772,90953.0,0.02431273835063107,high_c,0.07869161115013415,1.1040715627539097,1.6141661236908782
GO:0071162,CMG complex,cellular_component,11,6011,0.6665567718181818,0.7630574372600233,-0.3896666666666667,20141.0,0.025342437381907116,low_c,0.08140298068127741,1.089359692534251,1.596151617921134
GO:0048646,anatomical structure formation involved in morphogenesis,biological_process,129,6011,0.7483663429457366,0.7630574372600233,-0.1139015627759371,336176.0,0.026669350158818734,low_c,0.08502108622059505,1.0704733508321151,1.573987566457762
GO:0070822,Sin3-type complex,cellular_component,21,6011,0.8493710195238096,0.7630574372600233,0.27644486843151284,80282.0,0.028514682358085356,high_c,0.09018816659306729,1.0448504416206876,1.5449314619150707
GO:0000910,cytokinesis,biological_process,20,6011,0.844294737,0.7630574372600233,0.2828910031714238,76858.0,0.0287155719105285,high_c,0.09018816659306729,1.0448504416206876,1.5418825297184142
GO:0070210,Rpd3L-Expanded complex,cellular_component,26,6011,0.8398249284615384,0.7630574372600233,0.2472720262193946,97044.0,0.029340479163513445,high_c,0.09147325856860075,1.0387058496877202,1.5325327979102354
GO:0016282,eukaryotic 43S preinitiation complex,cellular_component,10,6011,0.860721182,0.7630574372600233,0.3956673887685387,41877.0,0.030381188155252068,high_c,0.09402645093304289,1.0267499562054592,1.517395245641785
GO:0015931,nucleobase-containing compound transport,biological_process,135,6011,0.7931676574814814,0.7630574372600233,0.10843103143988109,439637.0,0.03098349004440398,high_c,0.09519565057121222,1.0213828938011704,1.5088696639926664
GO:0006873,intracellular monoatomic ion homeostasis,biological_process,167,6011,0.788153610299401,0.7630574372600233,0.0972941181292446,535451.0,0.03178759545975588,high_c,0.09663345895107718,1.0148724748073261,1.4977423226059956
GO:0008033,tRNA processing,biological_process,127,6011,0.7994453466141731,0.7630574372600233,0.11111140849066192,415149.0,0.03190727418195945,high_c,0.09663345895107718,1.0148724748073261,1.4961102957218206
GO:0061024,membrane organization,biological_process,204,6011,0.7979773543137255,0.7630574372600233,0.087413095081325,644090.0,0.03356395529468085,high_c,0.10092990812017504,0.9959801220991724,1.4741268660365252
GO:0043144,sno(s)RNA processing,biological_process,43,6011,0.8241815806976746,0.7630574372600233,0.1871492923498972,152325.5,0.03419449705449618,high_c,0.10210187852891818,0.9909662674406302,1.4660437796503063
GO:0009408,response to heat,biological_process,79,6011,0.805324852278481,0.7630574372600233,0.13816289252882874,266687.5,0.034621397578382805,high_c,0.10265365435828187,0.9886255856076861,1.4606554047353568
GO:0005665,"RNA polymerase II, core complex",cellular_component,12,6011,0.8605863141666669,0.7630574372600233,0.3493082180363394,48567.0,0.03630464629868113,high_c,0.10689701410167222,0.9710344255421851,1.4400377900396681
GO:0005742,mitochondrial outer membrane translocase complex,cellular_component,10,6011,0.8727431780000001,0.7630574372600233,0.3805032494584235,41422.0,0.0373330210811171,high_c,0.10916690302340448,0.9619090101019442,1.427906864459702
GO:0006401,RNA catabolic process,biological_process,155,6011,0.7967112852903225,0.7630574372600233,0.09708157059756739,497899.5,0.0388199130831826,high_c,0.11273728183061248,0.9479324405127876,1.4109454413210831
GO:0000164,protein phosphatase type 1 complex,cellular_component,11,6011,0.6881518981818181,0.7630574372600233,-0.35930303030303035,21143.0,0.0392181272435952,low_c,0.1131189520495535,0.9464646268958706,1.4065131487404272
GO:0006353,DNA-templated transcription termination,biological_process,68,6011,0.8098599839705883,0.7630574372600233,0.1435994892656709,231078.0,0.04143285721614935,high_c,0.11869953688950895,0.9255509754575666,1.3826551166553418
GO:0005762,mitochondrial large ribosomal subunit,cellular_component,45,6011,0.8238183873333331,0.7630574372600233,0.17525980556486753,157761.0,0.04251062143909757,high_c,0.12096982208172731,0.9173229580968731,1.3715025462773318
GO:0005869,dynactin complex,cellular_component,5,6011,0.617350564,0.7630574372600233,-0.5226773226773227,7167.0,0.04305446220500446,low_c,0.12112665854094153,0.916760263272468,1.3659818311886394
GO:0042393,histone binding,molecular_function,41,6011,0.826031565609756,0.7630574372600233,0.18299628222412867,144781.0,0.043137088301137196,high_c,0.12112665854094153,0.916760263272468,1.3651491725720313
GO:0031011,Ino80 complex,cellular_component,16,6011,0.84408946625,0.7630574372600233,0.2908256880733946,61908.0,0.04422240532627782,high_c,0.12335723591014339,0.9088353705060012,1.3543576391539613
GO:0032126,eisosome,cellular_component,20,6011,0.832748445,0.7630574372600233,0.2593223168085461,75446.0,0.04494955568631126,high_c,0.12375721825322061,0.907429461031812,1.3472745967880815
GO:0016779,nucleotidyltransferase activity,molecular_function,80,6011,0.806011297375,0.7630574372600233,0.13039538020569896,268175.0,0.04481468995047908,high_c,0.12375721825322061,0.907429461031812,1.348579603888094
GO:0000785,chromatin,cellular_component,176,6011,0.7897562034090909,0.7630574372600233,0.08836955675001956,558856.0,0.04545264021340837,high_c,0.12415931991517788,0.9060206749349072,1.342440884789397
GO:0007010,cytoskeleton organization,biological_process,193,6011,0.7985896734715026,0.7630574372600233,0.08442176058934492,608834.5,0.045681259214074885,high_c,0.12415931991517788,0.9060206749349072,1.3402619331731782
GO:0016757,glycosyltransferase activity,molecular_function,100,6011,0.7990962883999999,0.7630574372600233,0.11571646083572995,329750.0,0.046885623590457975,high_c,0.12662104714875275,0.8974940992093938,1.3289603033928927
GO:0040007,growth,biological_process,99,6011,0.8053884754545455,0.7630574372600233,0.11561316821803969,326477.5,0.048180601194707975,high_c,0.1292947778895961,0.8884190155645533,1.3171277852028633
GO:0005677,chromatin silencing complex,cellular_component,7,6011,0.8824218214285713,0.7630574372600233,0.4302369848672314,30055.0,0.04881861813856635,high_c,0.1293693380672008,0.8881686439621336,1.3114145178989414
GO:0034388,Pwp2p-containing subcomplex of 90S preribosome,cellular_component,6,6011,0.8905898683333332,0.7630574372600233,0.46494587843463786,26391.0,0.04868592521753925,high_c,0.1293693380672008,0.8881686439621336,1.3125965723341941
GO:0005685,U1 snRNP,cellular_component,18,6011,0.8413968277777778,0.7630574372600233,0.2674601850306839,68363.0,0.049733762253574995,high_c,0.1309758707796012,0.8828087055082381,1.303348686069121
GO:0051726,regulation of cell cycle,biological_process,316,6011,0.7859792917721519,0.7630574372600233,0.06538046921016649,958640.0,0.050085610824192384,high_c,0.13108826536702203,0.882436183324751,1.3002870253748526
GO:0035361,Cul8-RING ubiquitin ligase complex,cellular_component,5,6011,0.641322362,0.7630574372600233,-0.5031635031635031,7460.0,0.051457779539571015,low_c,0.13228634087761212,0.8784849962337111,1.2885489580113567
GO:0071007,U2-type catalytic step 2 spliceosome,cellular_component,11,6011,0.6832944636363636,0.7630574372600233,-0.3393636363636363,21801.0,0.05147935435095755,low_c,0.13228634087761212,0.8784849962337111,1.2883669086125376
GO:0033043,regulation of organelle organization,biological_process,277,6011,0.7877388188086643,0.7630574372600233,0.06934379639341737,849229.0,0.05091487327940255,high_c,0.13228634087761212,0.8784849962337111,1.2931553327983836
GO:0048308,organelle inheritance,biological_process,59,6011,0.8016207113559323,0.7630574372600233,0.1456738655002734,201162.0,0.05381386876619436,high_c,0.13745229130642414,0.8618480161446872,1.2691057846973648
GO:0016281,eukaryotic translation initiation factor 4F complex,cellular_component,5,6011,0.850432782,0.7630574372600233,0.4949050949050948,22446.0,0.05540665746333838,high_c,0.1406731902063202,0.8517886634386893,1.2564380488838387
GO:0007005,mitochondrion organization,biological_process,112,6011,0.8017559432142859,0.7630574372600233,0.10511769549318295,365069.0,0.05631143730933346,high_c,0.14127839892992536,0.8499242354811058,1.2494033874601649
GO:0000145,exocyst,cellular_component,9,6011,0.7094930322222223,0.7630574372600233,-0.36772927542670963,17077.0,0.056250294864331064,low_c,0.14127839892992536,0.8499242354811058,1.2498751966367554
GO:0042254,ribosome biogenesis,biological_process,53,6011,0.8034253445283019,0.7630574372600233,0.15050637481236584,181650.0,0.05886087120840905,high_c,0.14680593760214963,0.8332563789178965,1.2301733141323552
GO:1990316,Atg1/ULK1 kinase complex,cellular_component,6,6011,0.6781142383333334,0.7630574372600233,-0.44202053844018874,10052.0,0.06091325931825752,low_c,0.15103638567801866,0.8209184156497767,1.2152881618503557
GO:0043934,sporulation,biological_process,79,6011,0.7439149930379747,0.7630574372600233,-0.12137559002022924,205874.0,0.06344685458470514,low_c,0.15640387409252896,0.8057524937559024,1.1975899034410862
GO:0022626,cytosolic ribosome,cellular_component,31,6011,0.820191598064516,0.7630574372600233,0.19254504261516892,110537.0,0.06404923437997125,high_c,0.1569761582491781,0.8041663038143121,1.1934860572782493
GO:0032040,small-subunit processome,cellular_component,61,6011,0.7995949042622951,0.7630574372600233,0.1373191899710704,206395.0,0.06460536287651819,high_c,0.1574291601128949,0.8029148215119871,1.18973142982212
GO:0000123,histone acetyltransferase complex,cellular_component,49,6011,0.8069546442857144,0.7630574372600233,0.15264703667444834,168366.0,0.06532995790606583,high_c,0.15828515515526806,0.8005598137318408,1.184887621638279
GO:0000839,Hrd1p ubiquitin ligase ERAD-L complex,cellular_component,10,6011,0.8561119610000001,0.7630574372600233,0.33617730378270294,40092.0,0.06583543871441078,high_c,0.1586035569028987,0.7996870772581379,1.1815402660367207
GO:0072380,TRC complex,cellular_component,6,6011,0.8834157916666667,0.7630574372600233,0.4325284485151262,25807.0,0.06667233134567796,high_c,0.15971225135913816,0.7966617683099094,1.1760543585408354
GO:0005675,transcription factor TFIIH holo complex,cellular_component,10,6011,0.8605853550000001,0.7630574372600233,0.33444425929011823,40040.0,0.06724113600737054,high_c,0.16016989700632084,0.7954191036857171,1.1723649579695559
GO:0000502,proteasome complex,cellular_component,10,6011,0.8393303910000001,0.7630574372600233,0.33397767038826864,40026.0,0.06762378520719534,high_c,0.16018148004385935,0.7953876978629286,1.1699005234757682
GO:0043596,nuclear replication fork,cellular_component,31,6011,0.7246458396774194,0.7630574372600233,-0.18953500917035282,75122.0,0.06832056280148568,low_c,0.16093288126572183,0.7933552132451267,1.1654485647345534
GO:0005667,transcription regulator complex,cellular_component,103,6011,0.8052212943689318,0.7630574372600233,0.10303948570639787,335613.0,0.07257318850812844,high_c,0.16930812171094417,0.7713222082841831,1.1392237957407583
GO:0048856,anatomical structure development,biological_process,52,6011,0.7346744269230769,0.7630574372600233,-0.1443453341422799,132570.0,0.07267471262120717,low_c,0.16930812171094417,0.7713222082841831,1.1386166768918409
GO:0005786,"signal recognition particle, endoplasmic reticulum targeting",cellular_component,6,6011,0.8685065816666667,0.7630574372600233,0.42031640299750217,25587.0,0.07473368684328208,high_c,0.1726500636670273,0.7628332571625807,1.126483592128992
GO:0030120,vesicle coat,cellular_component,23,6011,0.8181402439130434,0.7630574372600233,0.2148354680375244,83656.0,0.07492361253474769,high_c,0.1726500636670273,0.7628332571625807,1.1253812907457768
GO:0042555,MCM complex,cellular_component,6,6011,0.6595996333333333,0.7630574372600233,-0.4192617263391618,10462.0,0.07546574043529519,low_c,0.17295931861927114,0.7620560343093212,1.1222501624990402
GO:0005849,mRNA cleavage factor complex,cellular_component,20,6011,0.8444786305,0.7630574372600233,0.22859288933400101,73605.0,0.07714232445161161,high_c,0.17531578915764123,0.7561789690445578,1.1127072791166044
GO:0032806,carboxy-terminal domain protein kinase complex,cellular_component,14,6011,0.8424067421428572,0.7630574372600233,0.2725410324209725,53420.0,0.07773435934348243,high_c,0.17531578915764123,0.7561789690445578,1.1093869763736106
GO:0051049,regulation of transport,biological_process,118,6011,0.8001925569491527,0.7630574372600233,0.09473894623612611,380626.5,0.0776063839255847,high_c,0.17531578915764123,0.7561789690445578,1.1101025520714807
GO:0006997,nucleus organization,biological_process,55,6011,0.8149470649090909,0.7630574372600233,0.1362903718175712,186113.0,0.0814262576369943,high_c,0.18267054623325707,0.7383314725684837,1.0892355249879722
GO:0000015,phosphopyruvate hydratase complex,cellular_component,5,6011,0.88674721,0.7630574372600233,0.44915084915084913,21759.0,0.08211278693937323,high_c,0.18324116664365395,0.7369769518594534,1.0855892074993572
GO:0019899,enzyme binding,molecular_function,181,6011,0.7913068361325967,0.7630574372600233,0.07540346654283892,567399.0,0.08358440730817955,high_c,0.18554863193019963,0.7315422434028053,1.0778747327478104
GO:0016798,"hydrolase activity, acting on glycosyl bonds",molecular_function,57,6011,0.8017181712280702,0.7630574372600233,0.13171743601529862,192040.0,0.08651733230001912,high_c,0.19105910882920887,0.7188322522966375,1.0628968801858205
GO:1990143,CoA-synthesizing protein complex,cellular_component,6,6011,0.8712956433333332,0.7630574372600233,0.4026644462947544,25269.0,0.08777596033621744,high_c,0.19228925275914585,0.7160449882411403,1.0566244103224407
GO:0042592,homeostatic process,biological_process,266,6011,0.7823936725939848,0.7630574372600233,0.06178501082994692,811294.0,0.08798140338508088,high_c,0.19228925275914585,0.7160449882411403,1.0556091149036468
GO:0017059,serine palmitoyltransferase complex,cellular_component,5,6011,0.846765628,0.7630574372600233,0.43909423909423917,21608.0,0.08920111731557163,high_c,0.19395524995796087,0.7122984604727177,1.0496297057029322
GO:0030125,clathrin vesicle coat,cellular_component,7,6011,0.8672699799999999,0.7630574372600233,0.36309127248500994,28644.0,0.0963771365717272,high_c,0.20848931584904248,0.6809161957822816,1.0160259810185381
GO:0005847,mRNA cleavage and polyadenylation specificity factor complex,cellular_component,16,6011,0.8491231225,0.7630574372600233,0.23871976647205995,59409.0,0.09863918773952327,high_c,0.212299571581512,0.673050882235193,1.0059505126663326
GO:0005794,Golgi apparatus,cellular_component,183,6011,0.7897602173770492,0.7630574372600233,0.07122765169841472,571245.0,0.10035021461808942,high_c,0.21489136867712078,0.6677810280226506,0.9984816943538521
GO:0005884,actin filament,cellular_component,10,6011,0.8478513189999999,0.7630574372600233,0.29495084152641216,38855.0,0.10653989956457068,high_c,0.22699958500189932,0.6439749367784626,0.9724877169614886
GO:0006360,transcription by RNA polymerase I,biological_process,40,6011,0.7963686425000001,0.7630574372600233,0.14656673923965835,136923.0,0.1095922825385125,high_c,0.2323356389816465,0.6338841667563542,0.9602200276851056
GO:0045277,respiratory chain complex IV,cellular_component,10,6011,0.849399573,0.7630574372600233,0.29161806365605725,38755.0,0.11055471008672305,high_c,0.23320993570532622,0.6322529507823339,0.9564227499545777
GO:0036396,RNA N6-methyladenosine methyltransferase complex,cellular_component,5,6011,0.6304476,0.7630574372600233,-0.40752580752580747,8896.0,0.11469800407383368,low_c,0.2407522461747796,0.6184296522957995,0.9404441394419083
GO:0016514,SWI/SNF complex,cellular_component,15,6011,0.8295603126666666,0.7630574372600233,0.22946408716922395,55289.0,0.1242522358812365,high_c,0.25952191139726244,0.5858259688475336,0.9056957875270533
GO:0008134,transcription factor binding,molecular_function,72,6011,0.8048358874999999,0.7630574372600233,0.10482497988812178,236216.0,0.12572238323995064,high_c,0.2613053455575445,0.5828517057629231,0.9005873949297569
GO:0016050,vesicle organization,biological_process,90,6011,0.8000416715555555,0.7630574372600233,0.09364409165118515,291396.0,0.12675876618840531,high_c,0.2621742286043115,0.5814100011471496,0.897021996684128
GO:0042255,ribosome assembly,biological_process,13,6011,0.8421894492307692,0.7630574372600233,0.24279888167850827,48453.0,0.1299162974020791,high_c,0.26740053445864825,0.5728377290403405,0.8863363652639197
GO:0005811,lipid droplet,cellular_component,66,6011,0.7992888431818181,0.7630574372600233,0.10629253000993955,217038.0,0.1369421114681514,high_c,0.28049978387679325,0.5520674690286834,0.8634629801644984
GO:0005938,cell cortex,cellular_component,66,6011,0.8007727872727274,0.7630574372600233,0.1061115783571629,217002.5,0.13761182968208843,high_c,0.2805164220442572,0.5520417091157097,0.8613442307456808
GO:0016301,kinase activity,molecular_function,217,6011,0.7872598687557604,0.7630574372600233,0.05889295934615335,665672.0,0.14017990523905824,high_c,0.28438411397780233,0.5460946674516777,0.8533142379333564
GO:0034455,t-UTP complex,cellular_component,7,6011,0.61967218,0.7630574372600233,-0.3195012848577139,14300.0,0.14345222305085237,low_c,0.28946258129159086,0.5384075693766138,0.8432927171897683
GO:0000172,ribonuclease MRP complex,cellular_component,11,6011,0.8366040536363637,0.7630574372600233,0.2545757575757577,41401.0,0.14404859587859828,high_c,0.28946258129159086,0.5384075693766138,0.8414909706716538
GO:0042765,GPI-anchor transamidase complex,cellular_component,5,6011,0.831053564,0.7630574372600233,0.3738261738261739,20628.0,0.14790504790903258,high_c,0.2944213160254921,0.5310307503905122,0.8300170035445071
GO:0000228,nuclear chromosome,cellular_component,44,6011,0.7396386890909089,0.7630574372600233,-0.1264987735575971,114668.0,0.14765418769956837,low_c,0.2944213160254921,0.5310307503905122,0.8307542312656235
GO:0000278,mitotic cell cycle,biological_process,40,6011,0.8091472342499999,0.7630574372600233,0.1304806565064478,135002.0,0.15432606010485223,high_c,0.3057675209554081,0.514608647828108,0.8115607310716498
GO:0005688,U6 snRNP,cellular_component,7,6011,0.8604083842857142,0.7630574372600233,0.30922242314647375,27512.0,0.15678045880231647,high_c,0.3091856489868939,0.5097806722907223,0.8047080689678496
GO:0006352,DNA-templated transcription initiation,biological_process,76,6011,0.7986669911842106,0.7630574372600233,0.09396976012060487,246723.0,0.15860961478749447,high_c,0.3113447993976743,0.5067583841958522,0.7996704896376539
GO:0030674,protein-macromolecule adaptor activity,molecular_function,218,6011,0.7866513013761467,0.7630574372600233,0.05552968863085317,666500.5,0.1633297945104354,high_c,0.31913287037983684,0.49602846158719016,0.7869345843313932
GO:0000783,nuclear telomere cap complex,cellular_component,6,6011,0.6386271583333333,0.7630574372600233,-0.32756036636136554,12114.0,0.1648954107996241,low_c,0.3207140099955991,0.49388206803887447,0.7827914310270022
GO:0000243,commitment complex,cellular_component,12,6011,0.8258668291666665,0.7630574372600233,0.22998277490692898,44272.0,0.168104300778809,high_c,0.3254622079005252,0.4874994336799463,0.7744211754325606
GO:0032777,piccolo histone acetyltransferase complex,cellular_component,6,6011,0.8523691750000001,0.7630574372600233,0.3223424923674716,23822.0,0.17172898710186313,high_c,0.3309685933235908,0.4802132158720115,0.7651563916425379
GO:0008023,transcription elongation factor complex,cellular_component,22,6011,0.8095068504545455,0.7630574372600233,0.16800497882481524,76947.0,0.17313349444965997,high_c,0.3321656183106598,0.47864532236839635,0.7616189052760183
GO:0031083,BLOC-1 complex,cellular_component,6,6011,0.6803246933333332,0.7630574372600233,-0.3194560088814876,12260.0,0.17559919628774945,low_c,0.3353786451621881,0.47446459403608104,0.7554774761781751
GO:0005777,peroxisome,cellular_component,115,6011,0.7595724433043478,0.7630574372600233,-0.07349271429414195,314104.5,0.1764373829671354,low_c,0.33546838734558476,0.4743483990366639,0.7534093925812358
GO:0042274,ribosomal small subunit biogenesis,biological_process,39,6011,0.8118308782051282,0.7630574372600233,0.12464148934343178,130969.0,0.17905673106040987,high_c,0.3389288123643473,0.46989151018603914,0.7470093484446091
GO:0006397,mRNA processing,biological_process,163,6011,0.7884267525153374,0.7630574372600233,0.06123849168715845,505799.0,0.18169085099723115,high_c,0.3423863147681156,0.46548360246296,0.7406669409443302
GO:0030915,Smc5-Smc6 complex,cellular_component,8,6011,0.7248259875,0.7630574372600233,-0.27161419290354827,17490.0,0.18367183351198302,low_c,0.34458786464195046,0.46270002117655157,0.7359574386218833
GO:0030688,"preribosome, small subunit precursor",cellular_component,22,6011,0.809713689090909,0.7630574372600233,0.1627225671306487,76599.0,0.18704487364491507,high_c,0.34937016046451097,0.45671419064961577,0.7280541900492257
GO:0005682,U5 snRNP,cellular_component,14,6011,0.7003386478571428,0.7630574372600233,-0.20322065794802158,33448.0,0.1884093402558048,low_c,0.35037526433535626,0.4554665615845842,0.724897571176863
GO:0005933,cellular bud,cellular_component,67,6011,0.7992686262686568,0.7630574372600233,0.09221640786645513,217486.5,0.19362049700423767,high_c,0.35849384598164524,0.4455182951681551,0.7130486694209998
GO:0005635,nuclear envelope,cellular_component,111,6011,0.8005470791891891,0.7630574372600233,0.07155443579172394,350880.5,0.19583870143539084,high_c,0.36102438873306836,0.4424634586638145,0.7081014792389543
GO:0030904,retromer complex,cellular_component,6,6011,0.8578690766666665,0.7630574372600233,0.30419095198445745,23495.0,0.19715356318644972,high_c,0.3618749384894142,0.4414414927487587,0.705195369449347
GO:0012505,endomembrane system,cellular_component,56,6011,0.8086288505357143,0.7630574372600233,0.0990764063811922,183260.0,0.20123667950370905,high_c,0.36777737978264063,0.4344149856408474,0.6962928573426803
GO:0016810,"hydrolase activity, acting on carbon-nitrogen (but not peptide) bonds",molecular_function,63,6011,0.7976760684126986,0.7630574372600233,0.09305515526093866,204797.0,0.20321936159448017,high_c,0.3698069069358781,0.43202498172166415,0.6920349172883778
GO:0090575,RNA polymerase II transcription regulator complex,cellular_component,74,6011,0.8003832505405406,0.7630574372600233,0.08576995388516351,238510.0,0.20411540537705197,high_c,0.36985013623876084,0.43197421698443056,0.6901242161670204
GO:0007059,chromosome segregation,biological_process,93,6011,0.7989295207526884,0.7630574372600233,0.07640985947737367,296214.0,0.20542389267662886,high_c,0.37063715104208783,0.43105105106158076,0.6873490453825771
GO:0048284,organelle fusion,biological_process,93,6011,0.7963838913978495,0.7630574372600233,0.07552318968555927,295970.0,0.2107320269815477,high_c,0.37542176235368163,0.42548055591238837,0.6762694554486091
GO:0005852,eukaryotic translation initiation factor 3 complex,cellular_component,8,6011,0.83966672125,0.7630574372600233,0.2560386473429952,30160.0,0.2101013045967136,high_c,0.37542176235368163,0.42548055591238837,0.6775712508905978
GO:0008092,cytoskeletal protein binding,molecular_function,112,6011,0.7963902436607143,0.7630574372600233,0.0689826362821786,353132.0,0.2103857593501951,high_c,0.37542176235368163,0.42548055591238837,0.6769836601691442
GO:0042721,TIM22 mitochondrial import inner membrane insertion complex,cellular_component,5,6011,0.8586553539999999,0.7630574372600233,0.3194805194805195,19812.0,0.21623701846690901,high_c,0.3812674032799552,0.4187703234459451,0.6650699554350059
GO:0061025,membrane fusion,biological_process,50,6011,0.8013774728000002,0.7630574372600233,0.10164737460157691,164173.0,0.2151276398822718,high_c,0.3812674032799552,0.4187703234459451,0.6673037873011337
GO:1990726,Lsm1-7-Pat1 complex,cellular_component,7,6011,0.8547240157142857,0.7630574372600233,0.26977253259731615,26683.0,0.21671095327940848,high_c,0.3812674032799552,0.4187703234459451,0.6641191374638094
GO:0003682,chromatin binding,molecular_function,148,6011,0.78538113,0.7630574372600233,0.05884129054860754,459391.0,0.220809545339142,high_c,0.3837018328844107,0.41600612623904537,0.6559821564930486
GO:0031201,SNARE complex,cellular_component,26,6011,0.8159429400000001,0.7630574372600233,0.1394383394383394,88654.0,0.2191989280313722,high_c,0.3837018328844107,0.41600612623904537,0.6591615740526237
GO:0032221,Rpd3S complex,cellular_component,5,6011,0.85029018,0.7630574372600233,0.3167499167499168,19771.0,0.22018891568255428,high_c,0.3837018328844107,0.41600612623904537,0.6572045472128828
GO:0000796,condensin complex,cellular_component,6,6011,0.6572646833333334,0.7630574372600233,-0.2876491812378573,12833.0,0.2226302937103558,low_c,0.38372050623248316,0.4159849912482723,0.6524157407376258
GO:0000791,euchromatin,cellular_component,9,6011,0.8436631422222223,0.7630574372600233,0.23532896441926776,33365.0,0.22182425052731092,high_c,0.38372050623248316,0.4159849912482723,0.6539909771477029
GO:1990429,peroxisomal importomer complex,cellular_component,11,6011,0.8428683272727273,0.7630574372600233,0.20863636363636373,39885.0,0.23121264144414444,high_c,0.3968994330863046,0.40131952141953214,0.635988424752599
GO:0006351,DNA-templated transcription,biological_process,179,6011,0.7837025887150838,0.7630574372600233,0.05129089362484773,548736.0,0.24174870434986606,high_c,0.4133123009852549,0.3837216690698053,0.6166358448363217
GO:0035371,microtubule plus-end,cellular_component,5,6011,0.716085992,0.7630574372600233,-0.29890109890109895,10527.0,0.24730003573581816,low_c,0.4194208606079476,0.3773499729607594,0.6067758208814544
GO:0048285,organelle fission,biological_process,33,6011,0.7937976493939394,0.7630574372600233,0.11673104413151258,110151.0,0.2468150524983267,high_c,0.4194208606079476,0.3773499729607594,0.6076283575333842
GO:0031261,DNA replication preinitiation complex,cellular_component,22,6011,0.7317058027272728,0.7630574372600233,-0.14230634951957377,56504.0,0.24857104119150342,low_c,0.4198968982677189,0.376857333435862,0.6045494685475565
GO:0008250,oligosaccharyltransferase complex,cellular_component,8,6011,0.84333738625,0.7630574372600233,0.23434116275195738,29639.0,0.2513522837243555,high_c,0.4229101916632013,0.37375184871510886,0.5997171645262974
GO:0006605,protein targeting,biological_process,149,6011,0.7864604486577181,0.7630574372600233,0.054552240685658226,460543.0,0.2547611993443868,high_c,0.4269515751858498,0.369621379827842,0.5938667152447566
GO:0016592,mediator complex,cellular_component,27,6011,0.8162507381481482,0.7630574372600233,0.12290800158447213,90713.0,0.2697938081873045,high_c,0.45036446721030354,0.34643588170741973,0.5689680216802143
GO:0097550,transcription preinitiation complex,cellular_component,5,6011,0.84696745,0.7630574372600233,0.28245088245088246,19256.0,0.27428288638524445,high_c,0.4560625248131123,0.3409756127744839,0.5618012889332614
GO:0008168,methyltransferase activity,molecular_function,94,6011,0.7799199390425532,0.7630574372600233,0.06519261126433396,296229.0,0.2774541806750017,high_c,0.45953348674297156,0.33768283557756534,0.5568087268584484
GO:0071004,U2-type prespliceosome,cellular_component,30,6011,0.8086172033333334,0.7630574372600233,0.11398316892381422,99941.0,0.28081288358296785,high_c,0.4614909404619317,0.33583682019822214,0.5515829708277247
GO:0071010,prespliceosome,cellular_component,30,6011,0.8086172033333334,0.7630574372600233,0.11398316892381422,99941.0,0.28081288358296785,high_c,0.4614909404619317,0.33583682019822214,0.5515829708277247
GO:0005744,TIM23 mitochondrial import inner membrane translocase complex,cellular_component,8,6011,0.83946383,0.7630574372600233,0.21901549225387296,29271.0,0.2836988953102494,high_c,0.46428209507395285,0.3332180644719246,0.5471423552919058
GO:0016746,acyltransferase activity,molecular_function,242,6011,0.7841814647933882,0.7630574372600233,0.040532971181106214,726343.0,0.28470128471515976,high_c,0.46428209507395285,0.3332180644719246,0.5456105730938393
GO:0005763,mitochondrial small ribosomal subunit,cellular_component,34,6011,0.8092972720588235,0.7630574372600233,0.10586660630455969,112366.0,0.28640829926657585,high_c,0.46527631758248333,0.3322890523560437,0.5430144016104953
GO:0005874,microtubule,cellular_component,44,6011,0.8031274288636364,0.7630574372600233,0.092775416304828,143453.0,0.2882955617795805,high_c,0.46655464959748905,0.3310974781156839,0.540162043388671
GO:0030014,CCR4-NOT complex,cellular_component,7,6011,0.685915312857143,0.7630574372600233,-0.23056057866184454,16169.0,0.2910828409727565,low_c,0.4692742379180561,0.3285732869064736,0.5359833950094484
GO:0007124,pseudohyphal growth,biological_process,53,6011,0.7995956652830188,0.7630574372600233,0.08297073223254614,170987.0,0.2976564597963458,high_c,0.4780543142183736,0.32052275814671,0.5262846878696116
GO:0030126,COPI vesicle coat,cellular_component,8,6011,0.8060892737500001,0.7630574372600233,0.20972846909878395,29048.0,0.3046163010262637,high_c,0.4873860816420219,0.3121268771873541,0.5162468598432789
GO:0051276,chromosome organization,biological_process,258,6011,0.7631927417441859,0.7630574372600233,-0.03704504693877275,714644.5,0.3133765763286189,low_c,0.4995175502380994,0.30144924850373567,0.5039334684654013
GO:0006887,exocytosis,biological_process,34,6011,0.80935893,0.7630574372600233,0.09934159375645857,111703.0,0.31715245543844217,high_c,0.5036428505838931,0.29787732665703254,0.4987319218851899
GO:0000837,Doa10p ubiquitin ligase complex,cellular_component,7,6011,0.8306166585714286,0.7630574372600233,0.21457123822213764,25523.0,0.3258410058931772,high_c,0.5155096511145788,0.287763199659668,0.4869942622236118
GO:0006259,DNA metabolic process,biological_process,474,6011,0.7663627273206751,0.7630574372600233,-0.02675175592809098,1277163.5,0.33299057636602125,low_c,0.5248624698111265,0.2799544802641562,0.4775680568544809
GO:0140671,ADA complex,cellular_component,6,6011,0.8183403516666666,0.7630574372600233,0.22403552595059661,22051.0,0.34219811149548574,high_c,0.5373777750892073,0.2697202991155646,0.46572239154930994
GO:0000112,nucleotide-excision repair factor 3 complex,cellular_component,7,6011,0.839334327142857,0.7630574372600233,0.20676691729323315,25359.0,0.34374811553457707,high_c,0.5378199298400763,0.2693631082875077,0.4637596740058346
GO:0048193,Golgi vesicle transport,biological_process,207,6011,0.7848150670048311,0.7630574372600233,0.037953169062149295,623513.0,0.3527529258705483,high_c,0.5465693665904472,0.2623547127339987,0.4525293753506122
GO:0051233,spindle midzone,cellular_component,11,6011,0.7292918872727273,0.7630574372600233,-0.1617878787878788,27661.0,0.3532075623721286,low_c,0.5465693665904472,0.2623547127339987,0.4519700065063434
GO:0045252,oxoglutarate dehydrogenase complex,cellular_component,5,6011,0.8168926120000002,0.7630574372600233,0.24095904095904097,18633.0,0.3510081218625777,high_c,0.5465693665904472,0.2623547127339987,0.4546828344193849
GO:0006869,lipid transport,biological_process,84,6011,0.7875440411904762,0.7630574372600233,0.058585809893385354,263518.0,0.3558033039420231,high_c,0.548584003168792,0.2607568606702672,0.4487900234327372
GO:0005823,central plaque of spindle pole body,cellular_component,7,6011,0.7335115542857142,0.7630574372600233,-0.19981916817359857,16815.0,0.3602083992012991,low_c,0.5533636277585174,0.2569893901587426,0.4434461646862575
GO:0006260,DNA replication,biological_process,78,6011,0.7645229376923075,0.7630574372600233,-0.05965330809423175,217584.0,0.3646860524736324,low_c,0.5562118210389214,0.25475978541536937,0.4380808460900258
GO:0071008,U2-type post-mRNA release spliceosomal complex,cellular_component,5,6011,0.74453706,0.7630574372600233,-0.23423243423243423,11498.0,0.3646201529288894,low_c,0.5562118210389214,0.25475978541536937,0.4381593311173235
GO:0016471,vacuolar proton-transporting V-type ATPase complex,cellular_component,5,6011,0.841286152,0.7630574372600233,0.2270396270396271,18424.0,0.379535271252907,high_c,0.5767847849864965,0.23898620439743362,0.42074785771656864
GO:0005816,spindle pole body,cellular_component,67,6011,0.7679945252238806,0.7630574372600233,-0.062011610855547294,186776.0,0.3820394116800355,low_c,0.5785168234011966,0.2376840071459898,0.4178918323965032
GO:0016192,vesicle-mediated transport,biological_process,404,6011,0.7830348871039603,0.7630574372600233,0.025781069278677515,1161814.0,0.3860716302264492,high_c,0.5825422463203361,0.23467257385815576,0.4133321105458085
GO:0000439,transcription factor TFIIH core complex,cellular_component,6,6011,0.8367363416666665,0.7630574372600233,0.20366361365528718,21684.0,0.387889732121967,high_c,0.583210093686929,0.23417496823843384,0.41129171651180535
GO:0031502,dolichyl-phosphate-mannose-protein mannosyltransferase complex,cellular_component,5,6011,0.6990312360000001,0.7630574372600233,-0.22064602064602068,11702.0,0.39310336895080533,low_c,0.5889605245058002,0.22991381313112,0.40549323419956235
GO:0000812,Swr1 complex,cellular_component,15,6011,0.8010165626666667,0.7630574372600233,0.12706248610184567,50684.0,0.3946851368754003,high_c,0.5892482325182032,0.22970171149136445,0.40374922803705937
GO:0008643,carbohydrate transport,biological_process,36,6011,0.7542399988888888,0.7630574372600233,-0.08175732217573217,98757.0,0.39700610233355504,low_c,0.590633639962903,0.2286818211125578,0.4012028176967803
GO:0005680,anaphase-promoting complex,cellular_component,16,6011,0.7367782331249999,0.7630574372600233,-0.12120517097581318,42147.0,0.401764633295597,low_c,0.595623092717948,0.22502847269696347,0.3960282961606531
GO:0072686,mitotic spindle,cellular_component,21,6011,0.7639697371428572,0.7630574372600233,-0.10515939263852447,56281.0,0.40479666119557267,low_c,0.5980271231600098,0.2232791184002257,0.39276307825896606
GO:0016593,Cdc73/Paf1 complex,cellular_component,7,6011,0.83327626,0.7630574372600233,0.18007042923765115,24798.0,0.4096394993986361,high_c,0.6030803741146586,0.21962480442971427,0.38759817326321605
GO:0071986,Ragulator complex,cellular_component,5,6011,0.84927606,0.7630574372600233,0.20965700965700962,18163.0,0.4170993097216904,high_c,0.6062056329026224,0.21738003245674986,0.37976052888902573
GO:0005686,U2 snRNP,cellular_component,17,6011,0.7462852435294117,0.7630574372600233,-0.11389821193742766,45146.0,0.4167300198316193,low_c,0.6062056329026224,0.21738003245674986,0.38014521329932943
GO:0072546,EMC complex,cellular_component,7,6011,0.8362941514285714,0.7630574372600233,0.17707242790520605,24735.0,0.41748123775369284,high_c,0.6062056329026224,0.21738003245674986,0.37936303760106416
GO:0042729,DASH complex,cellular_component,7,6011,0.7441852514285713,0.7630574372600233,-0.17864280955553435,17260.0,0.4133626810923742,low_c,0.6062056329026224,0.21738003245674986,0.38366873459611
GO:0008623,CHRAC,cellular_component,5,6011,0.835326444,0.7630574372600233,0.20479520479520485,18090.0,0.42798548706252215,high_c,0.6160143264600114,0.21040918746191034,0.36857095761189046
GO:0004518,nuclease activity,molecular_function,97,6011,0.7669546965979382,0.7630574372600233,-0.04704545216836509,273335.0,0.4260680901498497,low_c,0.6160143264600114,0.21040918746191034,0.3705209905373427
GO:0019005,SCF ubiquitin ligase complex,cellular_component,22,6011,0.7476277645454545,0.7630574372600233,-0.09763354027838922,59447.0,0.428594873362508,low_c,0.6160143264600114,0.21040918746191034,0.3679530280764799
GO:0000220,"vacuolar proton-transporting V-type ATPase, V0 domain",cellular_component,7,6011,0.8265550357142858,0.7630574372600233,0.1720757590177977,24630.0,0.43074560653586846,high_c,0.6170139769297575,0.20970499798504766,0.36577914351884167
GO:0000131,incipient cellular bud site,cellular_component,70,6011,0.7835601130000001,0.7630574372600233,0.05427417221727948,219220.5,0.4343234041205476,high_c,0.620044186353913,0.2075773601696545,0.36218676744517475
GO:0005643,nuclear pore,cellular_component,46,6011,0.7972029330434782,0.7630574372600233,0.06539232479317758,146166.5,0.44419138546791004,high_c,0.6320038504644089,0.1992802757835145,0.3524298682999919
GO:0071014,post-mRNA release spliceosomal complex,cellular_component,9,6011,0.7590229677777778,0.7630574372600233,-0.1463586212003406,23056.0,0.4473903793657388,low_c,0.632311736170244,0.19906875728740836,0.3493133591604785
GO:0001405,"PAM complex, Tim23 associated import motor",cellular_component,7,6011,0.8262271057142857,0.7630574372600233,0.1660797563529075,24504.0,0.44698113226035163,high_c,0.632311736170244,0.19906875728740836,0.3497108086983915
GO:0001403,invasive growth in response to glucose limitation,biological_process,43,6011,0.7881042986046514,0.7630574372600233,0.0659914894943574,136779.5,0.45522815329786737,high_c,0.6412516179345374,0.19297152611536278,0.3417708871142521
GO:0006897,endocytosis,biological_process,113,6011,0.7833956873451327,0.7630574372600233,0.04049070181282399,346730.0,0.4602814645226726,high_c,0.6462229833033549,0.18961760010308312,0.3369765137386651
GO:0000815,ESCRT III complex,cellular_component,6,6011,0.832305145,0.7630574372600233,0.1734110463502636,21139.0,0.46223314293524087,high_c,0.6468212957245615,0.1892156899662945,0.33513891805672213
GO:0007031,peroxisome organization,biological_process,56,6011,0.7831425478571429,0.7630574372600233,0.05678901283435289,176209.0,0.4638430715670997,high_c,0.6469390208699022,0.18913665309912825,0.3336289260831071
GO:0007034,vacuolar transport,biological_process,170,6011,0.769644023117647,0.7630574372600233,-0.032633412892635216,480283.0,0.46760131719439224,low_c,0.6479181650013801,0.18847984402554094,0.3301242741366936
GO:0051301,cell division,biological_process,37,6011,0.7326932224324324,0.7630574372600233,-0.06923696377998356,102867.0,0.4671645922243496,low_c,0.6479181650013801,0.18847984402554094,0.3305300811018126
GO:1990468,NuA3b histone acetyltransferase complex,cellular_component,5,6011,0.82937953,0.7630574372600233,0.1859473859473859,17807.0,0.47172033935075175,high_c,0.6514964947384975,0.18608791658965199,0.3263153977051981
GO:0034657,GID complex,cellular_component,8,6011,0.76430376125,0.7630574372600233,-0.14438614026320173,20545.0,0.47974475184967436,low_c,0.6519608166162241,0.18577850494095963,0.31898976751524943
GO:0005880,nuclear microtubule,cellular_component,5,6011,0.724459636,0.7630574372600233,-0.18288378288378293,12269.0,0.47905492986232046,low_c,0.6519608166162241,0.18577850494095963,0.3196146862339537
GO:0032045,guanyl-nucleotide exchange factor complex,cellular_component,14,6011,0.8187589178571429,0.7630574372600233,0.11003120607923011,46598.0,0.47639264355950894,high_c,0.6519608166162241,0.18577850494095963,0.32203495349945965
GO:0005694,chromosome,cellular_component,110,6011,0.7635003250909093,0.7630574372600233,-0.0394108856742309,311764.0,0.4781590507627723,low_c,0.6519608166162241,0.18577850494095963,0.3204276193311826
GO:0002189,ribose phosphate diphosphokinase complex,cellular_component,5,6011,0.820817136,0.7630574372600233,0.18368298368298364,17773.0,0.4771355768602278,high_c,0.6519608166162241,0.18577850494095963,0.3213581997520516
GO:0000776,kinetochore,cellular_component,59,6011,0.797684066779661,0.7630574372600233,0.052351011481684084,184776.0,0.4883327565124279,high_c,0.6615114656909566,0.17946262397359317,0.3112841430198773
GO:0000178,exosome (RNase complex),cellular_component,13,6011,0.7629234753846154,0.7630574372600233,-0.10836945648549512,34762.0,0.49910502883782526,low_c,0.6739507395771908,0.17137184576680392,0.3018080542863216
GO:0007155,cell adhesion,biological_process,16,6011,0.7425362662499999,0.7630574372600233,-0.09633027522935778,43340.0,0.5051686650413962,low_c,0.6799730602461969,0.16750829320285712,0.29656359600598925
GO:0000127,transcription factor TFIIIC complex,cellular_component,6,6011,0.7609176166666666,0.7630574372600233,-0.15592561754093814,15206.0,0.5085908643458654,low_c,0.682413058489389,0.165952671208028,0.2936314451823568
GO:0000120,RNA polymerase I transcription regulator complex,cellular_component,8,6011,0.8059727975000001,0.7630574372600233,0.13451607529568554,27242.0,0.5102836299382194,high_c,0.682524476636609,0.16588176937496424,0.29218836374994545
GO:0000974,Prp19 complex,cellular_component,14,6011,0.7357434235714286,0.7630574372600233,-0.10097906095905096,37740.0,0.5134178034765078,low_c,0.6845570713020104,0.16459033902988984,0.2895290756381898
GO:0031389,Rad17 RFC-like complex,cellular_component,5,6011,0.7232299440000001,0.7630574372600233,-0.16809856809856805,12491.0,0.5153117710993202,low_c,0.6849284982636733,0.16435476344235495,0.2879299369779065
GO:0031588,nucleotide-activated protein kinase complex,cellular_component,7,6011,0.8313625142857143,0.7630574372600233,0.1397163795564862,23950.0,0.5223508849643552,high_c,0.6921149225777706,0.159821786905299,0.2820376651781256
GO:0030705,cytoskeleton-dependent intracellular transport,biological_process,38,6011,0.7574774136842105,0.7630574372600233,-0.059337192806224515,106753.0,0.5277511047836534,low_c,0.6927754440503685,0.1594075146143046,0.2775708488759343
GO:0070847,core mediator complex,cellular_component,20,6011,0.8039814455000001,0.7630574372600233,0.08185611750959776,64814.0,0.5268107838556262,high_c,0.6927754440503685,0.1594075146143046,0.2783453435791655
GO:0005815,microtubule organizing center,cellular_component,76,6011,0.7728137289473684,0.7630574372600233,-0.04211413115771734,216032.0,0.5275236012566538,low_c,0.6927754440503685,0.1594075146143046,0.2777581053833719
GO:0000133,polarisome,cellular_component,6,6011,0.7427690683333333,0.7630574372600233,-0.14321398834304744,15435.0,0.5437620030148331,low_c,0.6967857922432744,0.15690071335810524,0.2645911433052169
GO:0032182,ubiquitin-like protein binding,molecular_function,55,6011,0.7996186465454546,0.7630574372600233,0.04810427987056598,171669.0,0.5385632573639452,high_c,0.6967857922432744,0.15690071335810524,0.2687632789757556
GO:0005881,cytoplasmic microtubule,cellular_component,16,6011,0.806672493125,0.7630574372600233,0.08890742285237696,52224.0,0.5385381639664613,high_c,0.6967857922432744,0.15690071335810524,0.26878351462644845
GO:0005656,nuclear pre-replicative complex,cellular_component,16,6011,0.7437701562500001,0.7630574372600233,-0.08809424520433695,43735.0,0.5422598803641896,low_c,0.6967857922432744,0.15690071335810524,0.2657925260845316
GO:0110078,TTT Hsp90 cochaperone complex,cellular_component,7,6011,0.8071809,0.7630574372600233,0.13348244027791,23819.0,0.5410822058031806,high_c,0.6967857922432744,0.15690071335810524,0.26673674817527004
GO:0034456,UTP-C complex,cellular_component,6,6011,0.7943731283333334,0.7630574372600233,0.1443796835970026,20616.0,0.5404869969189865,high_c,0.6967857922432744,0.15690071335810524,0.2672147498776669
GO:0006383,transcription by RNA polymerase III,biological_process,30,6011,0.8028895576666667,0.7630574372600233,0.06570807557264668,95610.0,0.5341394216453501,high_c,0.6967857922432744,0.15690071335810524,0.2723453681622187
GO:0016197,endosomal transport,biological_process,126,6011,0.7691999445238095,0.7630574372600233,-0.03154913622203337,359058.0,0.5439530595106694,low_c,0.6967857922432744,0.15690071335810524,0.2644385761751191
GO:0032545,CURI complex,cellular_component,7,6011,0.7983915814285715,0.7630574372600233,0.13176929665936998,23783.0,0.546287901965903,high_c,0.6976688868480208,0.15635064432988657,0.2625784172185829
GO:0000177,cytoplasmic exosome (RNase complex),cellular_component,10,6011,0.7667374280000001,0.7630574372600233,-0.10851524745875685,26749.0,0.5526945161702302,low_c,0.7037311557242572,0.15259322137618292,0.2575148444625957
GO:0035859,Seh1-associated complex,cellular_component,8,6011,0.76036109625,0.7630574372600233,-0.11923205064134601,21149.0,0.5595055709498657,low_c,0.7102705451579134,0.1485761950993413,0.25219558488050947
GO:0051321,meiotic cell cycle,biological_process,53,6011,0.7698960156603776,0.7630574372600233,-0.045633902727900355,150682.0,0.5667856660398305,low_c,0.7173645444802631,0.14426009199946194,0.24658114155534935
GO:0034967,Set3 complex,cellular_component,8,6011,0.81129631625,0.7630574372600233,0.11402632017324676,26750.0,0.5767812976126648,high_c,0.7278430660350294,0.13796225104708063,0.23898883024996917
GO:0044695,Dsc E3 ubiquitin ligase complex,cellular_component,6,6011,0.8226001383333333,0.7630574372600233,0.13039134054954205,20364.0,0.5804251797983755,high_c,0.7302678820015169,0.136517799695734,0.236253755417128
GO:1990071,TRAPPII protein complex,cellular_component,10,6011,0.743680633,0.7630574372600233,-0.09948341943009498,27020.0,0.586232828548817,low_c,0.734340024630608,0.13410280026488652,0.23192986508831104
GO:0000159,protein phosphatase type 2A complex,cellular_component,8,6011,0.80904209625,0.7630574372600233,0.11094452773613184,26676.0,0.5871256329004153,high_c,0.734340024630608,0.13410280026488652,0.23126895865453703
GO:0008180,COP9 signalosome,cellular_component,6,6011,0.74378789,0.7630574372600233,-0.1271162919789065,15725.0,0.5899717230718262,low_c,0.7357294428895715,0.13328186373647072,0.22916880328694822
GO:0031932,TORC2 complex,cellular_component,7,6011,0.7584160985714286,0.7630574372600233,-0.116398591415247,18568.0,0.5940741592453485,low_c,0.738672854897442,0.13154786034663518,0.2261593379468701
GO:0005871,kinesin complex,cellular_component,6,6011,0.75555823,0.7630574372600233,-0.1249514293644185,15764.0,0.596321596905915,low_c,0.7392992897313099,0.13117971104300874,0.22451946157960637
GO:0005663,DNA replication factor C complex,cellular_component,5,6011,0.7517657,0.7630574372600233,-0.13193473193473193,13034.0,0.6096332284385753,low_c,0.751408397842895,0.12412395551105755,0.21493136953226005
GO:0016272,prefoldin complex,cellular_component,7,6011,0.79520663,0.7630574372600233,0.11159227181878739,23359.0,0.6093995720095082,high_c,0.751408397842895,0.12412395551105755,0.21509785512478952
GO:0003700,DNA-binding transcription factor activity,molecular_function,179,6011,0.7704508255865923,0.7630574372600233,-0.022166279666796962,510394.0,0.6129303075227067,low_c,0.7532824648974714,0.12304214206815015,0.21258890358760862
GO:0030008,TRAPP complex,cellular_component,11,6011,0.7506366118181819,0.7630574372600233,-0.08639393939393936,30149.0,0.6200969892701946,low_c,0.7598876400305274,0.11925061945898786,0.20754037725894384
GO:0007033,vacuole organization,biological_process,85,6011,0.7778798107058823,0.7630574372600233,0.02976315737229762,259351.0,0.637043553587274,high_c,0.7764406301755844,0.10989174659721876,0.19583087467248408
GO:0007049,cell cycle,biological_process,89,6011,0.785441955730337,0.7630574372600233,0.028919018400251906,271150.0,0.6390985375737712,high_c,0.7764406301755844,0.10989174659721876,0.19443217623077141
GO:0000176,nuclear exosome (RNase complex),cellular_component,12,6011,0.7696315650000001,0.7630574372600233,-0.07840195588153576,33172.0,0.6384839045629789,low_c,0.7764406301755844,0.10989174659721876,0.1948500463216125
GO:0005669,transcription factor TFIID complex,cellular_component,16,6011,0.7741756325000001,0.7630574372600233,0.0672643869891576,51186.0,0.6417238874757442,high_c,0.7774026522563301,0.10935398202437696,0.19265179426683396
GO:0000922,spindle pole,cellular_component,25,6011,0.7730295628,0.7630574372600233,-0.05014366855997332,71073.0,0.6648265231322443,low_c,0.7916159339229192,0.10148547274614392,0.17729166277959788
GO:0031463,Cul3-RING ubiquitin ligase complex,cellular_component,7,6011,0.8168409871428571,0.7630574372600233,0.09455601027886162,23001.0,0.6650781801105414,high_c,0.7916159339229192,0.10148547274614392,0.17712730026844217
GO:0005740,mitochondrial envelope,cellular_component,13,6011,0.7954394899999999,0.7630574372600233,0.07035678559519831,41730.0,0.6608165292927406,high_c,0.7916159339229192,0.10148547274614392,0.17991910235406983
GO:0044613,nuclear pore central transport channel,cellular_component,14,6011,0.7991818514285715,0.7630574372600233,0.06861764215441046,44859.5,0.6569985190545926,high_c,0.7916159339229192,0.10148547274614392,0.18243560938564282
GO:0005655,nucleolar ribonuclease P complex,cellular_component,10,6011,0.7847754819999999,0.7630574372600233,0.07862022996167295,32364.0,0.6670971374586738,high_c,0.7916159339229192,0.10148547274614392,0.17581092291894945
GO:0030127,COPII vesicle coat,cellular_component,8,6011,0.787202695,0.7630574372600233,0.08862235548892228,26140.0,0.6644830112559295,high_c,0.7916159339229192,0.10148547274614392,0.17751611812549473
GO:0017119,COG complex,cellular_component,8,6011,0.77212151125,0.7630574372600233,-0.08908045977011492,21873.0,0.6628551302460974,low_c,0.7916159339229192,0.10148547274614392,0.1785813780952353
GO:0032865,ERMES complex,cellular_component,5,6011,0.7487618899999999,0.7630574372600233,-0.11068931068931065,13353.0,0.6683926989254836,low_c,0.7916159339229192,0.10148547274614392,0.17496830269500221
GO:0061617,MICOS complex,cellular_component,5,6011,0.714382858,0.7630574372600233,-0.10995670995670992,13364.0,0.6704583432292126,low_c,0.791850522365421,0.10135679244927047,0.17362820046368393
GO:0005681,spliceosomal complex,cellular_component,83,6011,0.7645897013253012,0.7630574372600233,-0.026909256459034525,239392.0,0.6733080924105318,low_c,0.7930073088390708,0.10072280994109747,0.17178616576654285
GO:0044614,nuclear pore cytoplasmic filaments,cellular_component,11,6011,0.7851092772727273,0.7630574372600233,0.07225757575757585,35384.5,0.6784444479225635,high_c,0.7963444780573755,0.09889902703974833,0.16848570725022408
GO:1990112,RQC complex,cellular_component,6,6011,0.8235432316666667,0.7630574372600233,0.09697474326949762,19762.0,0.6810199487986521,high_c,0.7963444780573755,0.09889902703974833,0.16684016631587298
GO:0005666,RNA polymerase III complex,cellular_component,16,6011,0.7998078543749999,0.7630574372600233,0.05927856547122601,50803.0,0.6817760507896871,high_c,0.7963444780573755,0.09889902703974833,0.16635825859636844
GO:0033309,SBF transcription complex,cellular_component,8,6011,0.80939925,0.7630574372600233,0.0820006663335,25981.0,0.688186861899843,high_c,0.8016242567184984,0.09602914976075383,0.1622936227044304
GO:0005851,eukaryotic translation initiation factor 2B complex,cellular_component,5,6011,0.81455699,0.7630574372600233,0.09963369963369972,16511.0,0.6998239321281156,high_c,0.8112505443839048,0.09084499876125503,0.1550112098761731
GO:0005664,nuclear origin of replication recognition complex,cellular_component,6,6011,0.7778073449999999,0.7630574372600233,0.09081321121287811,19651.0,0.7002775925578046,high_c,0.8112505443839048,0.09084499876125503,0.15472976995957696
GO:0031501,mannosyltransferase complex,cellular_component,18,6011,0.76581973,0.7630574372600233,0.051986576932347095,56741.0,0.7029438466196889,high_c,0.8121204113535371,0.09037957407231069,0.153079366412954
GO:0033588,elongator holoenzyme complex,cellular_component,6,6011,0.7772827733333334,0.7630574372600233,0.08920344157646398,19622.0,0.7053413954426062,high_c,0.8126759556186549,0.09008258938782951,0.15160062730704443
GO:0007114,cell budding,biological_process,31,6011,0.7478924212903226,0.7630574372600233,-0.03889308447513218,89085.0,0.70838949914604,low_c,0.8139760098588643,0.0893883947907117,0.14972788522438393
GO:0005761,mitochondrial ribosome,cellular_component,8,6011,0.7837607437499999,0.7630574372600233,-0.07454606030318178,22222.0,0.7152426168760604,low_c,0.8150293090757468,0.08882677341831095,0.14554661652379794
GO:0005768,endosome,cellular_component,147,6011,0.7721380183673469,0.7630574372600233,-0.01768197046895159,423383.0,0.7138440371368182,low_c,0.8150293090757468,0.08882677341831095,0.14639666386762054
GO:0006970,response to osmotic stress,biological_process,88,6011,0.7803659353409089,0.7630574372600233,0.022477859806915967,266470.0,0.7169951233142773,high_c,0.8150293090757468,0.08882677341831095,0.14448379820235596
GO:0004386,helicase activity,molecular_function,92,6011,0.7617780723913046,0.7630574372600233,-0.022185372088410982,266233.5,0.7146046359447555,low_c,0.8150293090757468,0.08882677341831095,0.14593417067108944
GO:0034271,"phosphatidylinositol 3-kinase complex, class III, type I",cellular_component,5,6011,0.8122832139999998,0.7630574372600233,0.0928404928404929,16409.0,0.7193996181818998,high_c,0.8155760377249345,0.08853554262503008,0.14302979701728252
GO:0030121,AP-1 adaptor complex,cellular_component,6,6011,0.7906255816666666,0.7630574372600233,0.08381903968914783,19525.0,0.7223728736549859,high_c,0.8167629291459042,0.08790398202879775,0.1412385708938116
GO:0033254,vacuolar transporter chaperone complex,cellular_component,5,6011,0.77803556,0.7630574372600233,-0.08964368964368963,13669.0,0.7286767243444442,low_c,0.8216992848990542,0.08528709098004529,0.1374651026451169
GO:0000940,outer kinetochore,cellular_component,12,6011,0.8099435316666667,0.7630574372600233,0.057203978440851344,38053.0,0.7317720014751165,high_c,0.8230008716855421,0.08459970480228614,0.13562421118922593
GO:0031499,TRAMP complex,cellular_component,6,6011,0.7344015533333333,0.7630574372600233,-0.07943380516236465,16584.0,0.736346715397866,low_c,0.825955045843109,0.08304358933042173,0.13291764608592904
GO:0031390,Ctf18 RFC-like complex,cellular_component,7,6011,0.7667832128571428,0.7630574372600233,-0.07266584181973923,19487.0,0.7393863201847864,low_c,0.8271762526605527,0.08240194219805684,0.13112858882271716
GO:0030907,MBF transcription complex,cellular_component,7,6011,0.8074502,0.7630574372600233,0.06800228419149135,22443.0,0.7555655387454034,high_c,0.8430520748106607,0.07414559844237563,0.12172785841829811
GO:0031931,TORC1 complex,cellular_component,5,6011,0.73829054,0.7630574372600233,-0.07912087912087917,13827.0,0.7594889233890081,low_c,0.8452055210418358,0.07303767471701209,0.11947855563412542
GO:0071006,U2-type catalytic step 1 spliceosome,cellular_component,13,6011,0.7575667776923076,0.7630574372600233,-0.0486572447225998,37090.0,0.7615618877382615,low_c,0.8452938230393269,0.07299230460738079,0.11829479828840468
GO:0008380,RNA splicing,biological_process,124,6011,0.7667679584677417,0.7630574372600233,-0.015460528118270478,359351.0,0.7679560864376918,low_c,0.849163339376929,0.07100876374059445,0.11466361325371638
GO:0005684,U2-type spliceosomal complex,cellular_component,59,6011,0.7638777864406779,0.7630574372600233,-0.022183114634590884,171689.0,0.7690535903791055,low_c,0.849163339376929,0.07100876374059445,0.1140433959657963
GO:0030015,CCR4-NOT core complex,cellular_component,10,6011,0.788634526,0.7630574372600233,0.05142476253957673,31548.0,0.7784680082049656,high_c,0.8573258064387155,0.06685410334051216,0.10875923042474414
GO:0005819,spindle,cellular_component,40,6011,0.78905960625,0.7630574372600233,0.02481996315525037,122384.0,0.7864566547140344,high_c,0.8638798487014263,0.06354665644998754,0.10432520837096519
GO:0070647,protein modification by small protein conjugation or removal,biological_process,175,6011,0.7787146294285714,0.7630574372600233,0.0113776559287182,516460.0,0.7973111625832237,high_c,0.872018142889637,0.05947447920173663,0.09837215561771513
GO:0017056,structural constituent of nuclear pore,molecular_function,29,6011,0.7944165268965517,0.7630574372600233,0.027478988690208483,89122.5,0.7982496616804159,high_c,0.872018142889637,0.05947447920173663,0.09786125685411054
GO:0030532,small nuclear ribonucleoprotein complex,cellular_component,55,6011,0.7733264221818181,0.7630574372600233,0.01981500702118577,167035.5,0.8000355131699736,high_c,0.872018142889637,0.05947447920173663,0.09689073446876151
GO:0006974,DNA damage response,biological_process,383,6011,0.7763193156396867,0.7630574372600233,0.00686793559245924,1085164.0,0.8218010735060117,high_c,0.8918939047575521,0.049686804052982765,0.08523329576162295
GO:0051052,regulation of DNA metabolic process,biological_process,147,6011,0.7761268943537415,0.7630574372600233,0.010818925114383982,435667.0,0.822477633868403,high_c,0.8918939047575521,0.049686804052982765,0.0848759032498486
GO:0031080,nuclear pore outer ring,cellular_component,7,6011,0.7756982857142859,0.7630574372600233,-0.04539830589131055,20060.0,0.8353900158937266,low_c,0.9012859204553183,0.045137413263182505,0.07811071948048844
GO:0006281,DNA repair,biological_process,322,6011,0.7733909502173912,0.7630574372600233,-0.006947045022048681,909566.0,0.8336511667743562,low_c,0.9012859204553183,0.045137413263182505,0.07901563765562804
GO:0006865,amino acid transport,biological_process,58,6011,0.7633003124137933,0.7630574372600233,-0.01526903271025326,170001.0,0.8411805684738151,low_c,0.9052298503373035,0.0432411334368986,0.07511076820405711
GO:0005824,outer plaque of spindle pole body,cellular_component,7,6011,0.7851128857142857,0.7630574372600233,0.04292376510897489,21916.0,0.844248945993098,high_c,0.9062317800027179,0.042760711923100686,0.07352947288937312
GO:0033553,rDNA heterochromatin,cellular_component,11,6011,0.7220781572727272,0.7630574372600233,-0.03248484848484845,31928.0,0.8521797382122978,low_c,0.9078497713618449,0.04198601146397802,0.06946879598302282
GO:0007009,plasma membrane organization,biological_process,13,6011,0.7596505138461539,0.7630574372600233,-0.030343447815938673,37804.0,0.8499407631023886,low_c,0.9078497713618449,0.04198601146397802,0.07061134152598586
GO:0000775,"chromosome, centromeric region",cellular_component,45,6011,0.7865886322222221,0.7630574372600233,0.016150780347897298,136403.0,0.8517447549440265,high_c,0.9078497713618449,0.04198601146397802,0.06969053214327281
GO:0000506,glycosylphosphatidylinositol-N-acetylglucosaminyltransferase (GPI-GnT) complex,cellular_component,5,6011,0.77734283,0.7630574372600233,-0.04568764568764572,14329.0,0.8597202665516248,low_c,0.9135874511726538,0.03924987442648879,0.06564283533247314
GO:0000124,SAGA complex,cellular_component,19,6011,0.780464577368421,0.7630574372600233,0.022345583585130946,58196.0,0.8663013301453105,high_c,0.9182794099540291,0.03702515350680645,0.06233101877157668
GO:1990467,NuA3a histone acetyltransferase complex,cellular_component,5,6011,0.7136356300000001,0.7630574372600233,-0.04135864135864131,14394.0,0.8729027587982383,low_c,0.922969500574696,0.034812649950209544,0.059034133922759906
GO:0031391,Elg1 RFC-like complex,cellular_component,5,6011,0.7880616999999999,0.7630574372600233,-0.03976023976023979,14418.0,0.8777792775875954,low_c,0.9258169494953743,0.03347487258655237,0.056614676094814936
GO:0044615,nuclear pore nuclear basket,cellular_component,10,6011,0.7931685829999999,0.7630574372600233,-0.02516247292117979,29250.0,0.8905540177970537,low_c,0.9369600584266768,0.028278922212132705,0.050339732663755896
GO:0034044,exomer complex,cellular_component,5,6011,0.743036276,0.7630574372600233,-0.031235431235431266,14546.0,0.9038613175911793,low_c,0.9439339868439902,0.02505837662549036,0.043898199641028895
GO:0005085,guanyl-nucleotide exchange factor activity,molecular_function,51,6011,0.7703656547058825,0.7630574372600233,0.010211869982892585,153532.0,0.8999489116982051,high_c,0.9439339868439902,0.02505837662549036,0.04578214389102365
GO:0046695,SLIK (SAGA-like) complex,cellular_component,16,6011,0.7773433706249999,0.7630574372600233,0.017556296914094993,48802.0,0.9033826328320242,high_c,0.9439339868439902,0.02505837662549036,0.044128262831208756
GO:0000902,cell morphogenesis,biological_process,18,6011,0.7864515227777777,0.7630574372600233,-0.01422956412110421,53169.5,0.9169057741617764,low_c,0.9514602627617026,0.02160934507921218,0.03767529231709337
GO:0070772,PAS complex,cellular_component,6,6011,0.8052668483333334,0.7630574372600233,0.024646128226477826,18459.0,0.916862960997818,high_c,0.9514602627617026,0.02160934507921218,0.03769557134193093
GO:0003677,DNA binding,molecular_function,524,6011,0.7755056672900763,0.7630574372600233,0.0027250391974367183,1441511.5,0.9178001119564537,high_c,0.9514602627617026,0.02160934507921218,0.037251893664602985
GO:0030677,ribonuclease P complex,cellular_component,11,6011,0.76962447,0.7630574372600233,0.015393939393939293,33508.0,0.9296730517516278,high_c,0.9614179852260736,0.017087757793621084,0.03166975766661818
GO:1990070,TRAPPI protein complex,cellular_component,6,6011,0.7838875883333335,0.7630574372600233,-0.01976131001942827,17659.0,0.9333159236941815,low_c,0.9628368653195448,0.016447289711566226,0.029971324428229622
GO:0005876,spindle microtubule,cellular_component,19,6011,0.781892172631579,0.7630574372600233,-0.009380928957908763,56390.0,0.9436839939234981,low_c,0.9682379966690834,0.014017878295088316,0.025173411073800955
GO:0000445,THO complex part of transcription export complex,cellular_component,5,6011,0.72903914,0.7630574372600233,0.016983016983016963,15270.0,0.9476857750416736,high_c,0.9682379966690834,0.014017878295088316,0.02333563817572823
GO:0000151,ubiquitin ligase complex,cellular_component,96,6011,0.7766537726041666,0.7630574372600233,-0.004046914623837661,282771.0,0.9457120173410694,low_c,0.9682379966690834,0.014017878295088316,0.02424109226671183
GO:1990531,phospholipid-translocating ATPase complex,cellular_component,5,6011,0.77195388,0.7630574372600233,-0.017316017316017285,14755.0,0.9466595084026459,low_c,0.9682379966690834,0.014017878295088316,0.023806198622960604
GO:0046540,U4/U6 x U5 tri-snRNP complex,cellular_component,27,6011,0.7672470048148149,0.7630574372600233,0.0069630124777184665,81346.5,0.9501921859528714,high_c,0.9684651126058111,0.013916019421569776,0.022188545387559638
GO:0005736,RNA polymerase I complex,cellular_component,13,6011,0.7510948953846153,0.7630574372600233,0.009336445481827216,39351.0,0.9536226490953185,high_c,0.9696307031568705,0.013393641114576239,0.02062344273355132
GO:0045273,respiratory chain complex II (succinate dehydrogenase),cellular_component,7,6011,0.7886627214285714,0.7630574372600233,0.011896830684305693,21264.0,0.9566380866911371,high_c,0.9703697338685219,0.013062757709163302,0.019252332526860733
GO:0031410,cytoplasmic vesicle,cellular_component,212,6011,0.7795623238679245,0.7630574372600233,-0.00197984688316466,613477.0,0.9609055648698228,low_c,0.9706574822915306,0.012933993359890828,0.017319291489802935
GO:1990072,TRAPPIII protein complex,cellular_component,7,6011,0.7890745614285715,0.7630574372600233,-0.010564385647663488,20792.0,0.9615003362321766,low_c,0.9706574822915306,0.012933993359890828,0.01705055955472298
GO:0033100,NuA3 histone acetyltransferase complex,cellular_component,6,6011,0.7351403,0.7630574372600233,-0.008548431862336892,17861.0,0.9711794029249039,low_c,0.9780999212355326,0.00961677606664747,0.012700536823711752
GO:0097361,cytosolic [4Fe-4S] assembly targeting complex,cellular_component,6,6011,0.7521713766666666,0.7630574372600233,0.006494587843463684,18132.0,0.9781243698305138,high_c,0.9804367205866142,0.008580431355607413,0.009605920573297693
GO:0000500,RNA polymerase I upstream activating factor complex,cellular_component,5,6011,0.768088306,0.7630574372600233,0.00712620712620704,15122.0,0.978095236183206,high_c,0.9804367205866142,0.008580431355607413,0.009618856321641589
GO:0048188,Set1C/COMPASS complex,cellular_component,8,6011,0.7710813562500001,0.7630574372600233,-0.0005830418124270764,23998.0,0.9978040358104462,low_c,0.9978040358104463,0.0009547438056743666,0.0009547438056744149
